ticket,order,time,time_msc,type,entry,magic,position_id,reason,volume,price,commission,swap,profit,fee,symbol,comment,external_id,account,net_profit,time_dt,date,order_type,close_reason
4057487065,4464062361,1790751612,1790751612012,0,1,0,4463573030,1,0.03,4191.86,0.0,0.0,-52.2,0.0,XAUUSDc,,,159109003,-52.2,2026-09-30 07:00:12,2026-09-30,,
4057487659,4464062793,1790751616,1790751616609,0,1,0,4463573204,1,0.03,4192.155,0.0,0.0,-14.0,0.0,XAUUSDc,,,159109003,-14.0,2026-09-30 07:00:16,2026-09-30,,
4057488175,4464063495,1790751620,1790751620010,0,1,0,4463573568,1,0.03,4191.035,0.0,0.0,-18.4,0.0,XAUUSDc,,,159109003,-18.4,2026-09-30 07:00:20,2026-09-30,,
4057488558,4464063885,1790751623,1790751623515,0,1,0,4463683065,1,0.03,4191.551,0.0,0.0,-31.2,0.0,XAUUSDc,,,159109003,-31.2,2026-09-30 07:00:23,2026-09-30,,
4058256160,4464902309,1790758804,1790758804935,1,1,0,4464723928,1,0.03,4191.258,0.0,0.0,-21.4,0.0,XAUUSDc,,,159109003,-21.4,2026-09-30 09:00:04,2026-09-30,,
4058257242,4464903384,1790758808,1790758808101,1,1,0,4464045857,1,0.03,4191.794,0.0,0.0,-7.5,0.0,XAUUSDc,,,159109003,-7.5,2026-09-30 09:00:08,2026-09-30,,
4058258105,4464904325,1790758811,1790758811360,1,1,0,4464054404,1,0.03,4191.8060000000005,0.0,0.0,-0.5,0.0,XAUUSDc,,,159109003,-0.5,2026-09-30 09:00:11,2026-09-30,,
4058258289,4464904583,1790758815,1790758815750,1,1,0,4464146637,1,0.03,4191.955,0.0,0.0,-13.8,0.0,XAUUSDc,,,159109003,-13.8,2026-09-30 09:00:15,2026-09-30,,
4058432598,4465090821,1790760458,1790760458100,0,1,0,4464905205,1,0.03,4186.542,0.0,0.0,15.0,0.0,XAUUSDc,,,159109003,15.0,2026-09-30 09:27:38,2026-09-30,,
4058543707,4465209341,1790761667,1790761667679,0,1,0,4465133901,0,0.03,4186.014999999999,0.0,0.0,11.0,0.0,XAUUSDc,,,159109003,11.0,2026-09-30 09:47:47,2026-09-30,,
4058629884,4465304797,1790763143,1790763143454,0,1,0,4465277941,0,0.03,4186.857,0.0,0.0,10.3,0.0,XAUUSDc,,,159109003,10.3,2026-09-30 10:12:23,2026-09-30,,
4058904810,4465604963,1790766808,1790766808510,0,1,0,4465467243,1,0.03,4180.352,0.0,0.0,11.9,0.0,XAUUSDc,,,159109003,11.9,2026-09-30 11:13:28,2026-09-30,,
4058913043,0,1790766959,1790766959979,0,1,0,4465380478,5,0.03,4178.898,0.0,0.0,29.1,0.0,XAUUSDc,[tp 4178.89800],proactive,159109003,29.1,2026-09-30 11:15:59,2026-09-30,,
4058913052,0,1790766959,1790766959979,0,1,0,4464900992,5,0.03,4178.898,0.0,0.0,39.2,0.0,XAUUSDc,[tp 4178.89800],proactive,159109003,39.2,2026-09-30 11:15:59,2026-09-30,,
4058913058,0,1790766959,1790766959979,0,1,0,4464900782,5,0.03,4178.898,0.0,0.0,39.0,0.0,XAUUSDc,[tp 4178.89800],proactive,159109003,39.0,2026-09-30 11:15:59,2026-09-30,,
4058913061,0,1790766959,1790766959979,0,1,0,4464910712,5,0.03,4178.894,0.0,0.0,40.8,0.0,XAUUSDc,[tp 4178.89400],proactive,159109003,40.8,2026-09-30 11:15:59,2026-09-30,,
4058930228,4465632600,1790767165,1790767165234,0,1,0,4464918371,1,0.03,4179.568,0.0,0.0,40.6,0.0,XAUUSDc,,,159109003,40.6,2026-09-30 11:19:25,2026-09-30,,
4060352929,4467210132,1790775778,1790775778709,0,1,0,4465836476,1,0.03,4186.053,0.0,0.0,3.1,0.0,XAUUSDc,,,159109003,3.1,2026-09-30 13:42:58,2026-09-30,,
4060353809,4467211207,1790775781,1790775781584,0,1,0,4466002631,1,0.03,4185.289000000001,0.0,0.0,19.3,0.0,XAUUSDc,,,159109003,19.3,2026-09-30 13:43:01,2026-09-30,,
4060392072,0,1790775941,1790775941571,0,1,0,4466293400,5,0.03,4180.377,0.0,0.0,95.3,0.0,XAUUSDc,[tp 4180.37700],proactive,159109003,95.3,2026-09-30 13:45:41,2026-09-30,,
4060397941,0,1790775960,1790775960159,0,1,0,4464906045,5,0.03,4179.72,0.0,0.0,45.2,0.0,XAUUSDc,[tp 4179.72000],proactive,159109003,45.2,2026-09-30 13:46:00,2026-09-30,,
4060453232,4467319430,1790776134,1790776134343,0,1,0,4466297447,1,0.02,4182.813,0.0,0.0,69.8,0.0,XAUUSDc,,,159109003,69.8,2026-09-30 13:48:54,2026-09-30,,
4063357911,4470439550,1790817511,1790817511984,0,1,0,4466297447,1,0.01,4162.62,0.0,0.0,55.1,0.0,XAUUSDc,,,159109003,55.1,2026-10-01 01:18:31,2026-10-01,,
4063358235,4470439899,1790817515,1790817515084,0,1,0,4470104533,1,0.03,4162.693,0.0,0.0,-52.0,0.0,XAUUSDc,,,159109003,-52.0,2026-10-01 01:18:35,2026-10-01,,
4063358567,4470440218,1790817517,1790817517999,0,1,0,4470104840,1,0.03,4162.071,0.0,0.0,-29.4,0.0,XAUUSDc,,,159109003,-29.4,2026-10-01 01:18:37,2026-10-01,,
4063358770,4470440433,1790817521,1790817521165,0,1,0,4470105282,1,0.03,4162.494,0.0,0.0,-21.3,0.0,XAUUSDc,,,159109003,-21.3,2026-10-01 01:18:41,2026-10-01,,
4064112933,4471266514,1790826816,1790826816270,1,1,0,4470409894,1,0.03,4173.975,0.0,0.0,44.5,0.0,XAUUSDc,,,159109003,44.5,2026-10-01 03:53:36,2026-10-01,,
4064113055,4471266701,1790826819,1790826819789,1,1,0,4471059961,1,0.03,4174.069,0.0,0.0,23.9,0.0,XAUUSDc,,,159109003,23.9,2026-10-01 03:53:39,2026-10-01,,
4064113286,4471266996,1790826824,1790826824784,1,1,0,4470472297,1,0.03,4174.018,0.0,0.0,30.0,0.0,XAUUSDc,,,159109003,30.0,2026-10-01 03:53:44,2026-10-01,,
4064123186,0,1790826865,1790826865611,1,1,0,4470399020,5,0.03,4176.474,0.0,0.0,60.2,0.0,XAUUSDc,[tp 4176.47400],proactive,159109003,60.2,2026-10-01 03:54:25,2026-10-01,,
4064124471,0,1790826870,1790826870750,1,1,0,4470439031,5,0.03,4176.621,0.0,0.0,41.6,0.0,XAUUSDc,[tp 4176.62100],proactive,159109003,41.6,2026-10-01 03:54:30,2026-10-01,,
4064237360,4471400552,1790828256,1790828256399,1,1,0,4470682226,1,0.02,4174.115,0.0,0.0,40.4,0.0,XAUUSDc,,,159109003,40.4,2026-10-01 04:17:36,2026-10-01,,
4065279782,4472540003,1790838871,1790838871790,0,1,0,4471456971,1,0.03,4174.004,0.0,0.0,3.1,0.0,XAUUSDc,,,159109003,3.1,2026-10-01 07:14:31,2026-10-01,,
4065280589,4472540834,1790838876,1790838876720,0,1,0,4471703159,1,0.03,4173.867,0.0,0.0,23.9,0.0,XAUUSDc,,,159109003,23.9,2026-10-01 07:14:36,2026-10-01,,
4065281855,4472542125,1790838882,1790838882530,1,1,0,4470682226,1,0.01,4173.592,0.0,0.0,19.7,0.0,XAUUSDc,,,159109003,19.7,2026-10-01 07:14:42,2026-10-01,,
4065296699,0,1790838926,1790838926588,0,1,0,4471457948,5,0.03,4172.028,0.0,0.0,47.6,0.0,XAUUSDc,[tp 4172.02800],proactive,159109003,47.6,2026-10-01 07:15:26,2026-10-01,,
4065296703,0,1790838926,1790838926588,0,1,0,4471457209,5,0.03,4172.063,0.0,0.0,39.1,0.0,XAUUSDc,[tp 4172.06300],proactive,159109003,39.1,2026-10-01 07:15:26,2026-10-01,,
4065547537,4472844676,1790839955,1790839955814,0,1,0,4471524228,1,0.02,4161.864,0.0,0.0,57.6,0.0,XAUUSDc,,,159109003,57.6,2026-10-01 07:32:35,2026-10-01,,
4066098534,4473436239,1790843606,1790843606895,0,1,0,4472942801,1,0.01,4156.597,0.0,0.0,4.8,0.0,XAUUSDc,,,159109003,4.8,2026-10-01 08:33:26,2026-10-01,,
4066534002,4473917194,1790848345,1790848345089,0,1,0,4471524228,1,0.01,4161.31,0.0,0.0,29.4,0.0,XAUUSDc,,,159109003,29.4,2026-10-01 09:52:25,2026-10-01,,
4066534120,4473917311,1790848348,1790848348241,0,1,0,4473220527,1,0.03,4161.131,0.0,0.0,-3.2,0.0,XAUUSDc,,,159109003,-3.2,2026-10-01 09:52:28,2026-10-01,,
4066745012,4474141548,1790849941,1790849941205,0,1,0,4473977129,1,0.03,4162.953,0.0,0.0,-21.4,0.0,XAUUSDc,,,159109003,-21.4,2026-10-01 10:19:01,2026-10-01,,
4066745646,4474142341,1790849944,1790849944345,0,1,0,4474124421,1,0.03,4162.389999999999,0.0,0.0,-6.0,0.0,XAUUSDc,,,159109003,-6.0,2026-10-01 10:19:04,2026-10-01,,
4066746107,4474142742,1790849948,1790849948550,0,1,0,4474124463,1,0.03,4162.751,0.0,0.0,-7.1,0.0,XAUUSDc,,,159109003,-7.1,2026-10-01 10:19:08,2026-10-01,,
4067268214,4474700719,1790854844,1790854844767,1,1,0,4474177240,1,0.02,4177.889,0.0,0.0,29.7,0.0,XAUUSDc,,,159109003,29.7,2026-10-01 11:40:44,2026-10-01,,
4067486254,4474938151,1790857032,1790857032550,1,1,0,4474177240,1,0.01,4176.779,0.0,0.0,13.8,0.0,XAUUSDc,,,159109003,13.8,2026-10-01 12:17:12,2026-10-01,,
4068014608,0,1790861528,1790861528611,0,1,0,4474937628,5,0.03,4166.285,0.0,0.0,30.0,0.0,XAUUSDc,[tp 4166.28500],proactive,159109003,30.0,2026-10-01 13:32:08,2026-10-01,,
4070053156,0,1790875831,1790875831852,0,1,0,4474941980,4,0.01,4182.189,0.0,0.0,2.7,0.0,XAUUSDc,[sl 4182.18900],proactive,159109003,2.7,2026-10-01 17:30:31,2026-10-01,,
4070982324,4478807414,1790901341,1790901341465,0,1,0,4478514103,1,0.03,4163.592,0.0,0.0,48.1,0.0,XAUUSDc,,,159109003,48.1,2026-10-02 00:35:41,2026-10-02,,
4071089442,4478923853,1790902726,1790902726780,0,1,0,4478579494,1,0.02,4159.069,0.0,0.0,48.8,0.0,XAUUSDc,,,159109003,48.8,2026-10-02 00:58:46,2026-10-02,,
4073478256,4481482550,1790924079,1790924079505,0,1,0,4480124255,1,0.02,4180.536,0.0,0.0,-17.0,0.0,XAUUSDc,,,159109003,-17.0,2026-10-02 06:54:39,2026-10-02,,
4073478706,4481483052,1790924082,1790924082835,0,1,0,4480021677,1,0.02,4180.287,0.0,0.0,-4.6,0.0,XAUUSDc,,,159109003,-4.6,2026-10-02 06:54:42,2026-10-02,,
4073479249,4481483675,1790924086,1790924086714,0,1,0,4478515267,1,0.03,4180.555,0.0,0.0,2.0,0.0,XAUUSDc,,,159109003,2.0,2026-10-02 06:54:46,2026-10-02,,
4073479637,4481484073,1790924090,1790924090290,0,1,0,4478579494,1,0.01,4180.21,0.0,0.0,3.3,0.0,XAUUSDc,,,159109003,3.3,2026-10-02 06:54:50,2026-10-02,,
4073479821,4481484262,1790924093,1790924093730,0,1,0,4480405201,1,0.03,4180.439,0.0,0.0,12.9,0.0,XAUUSDc,,,159109003,12.9,2026-10-02 06:54:53,2026-10-02,,
4073480713,4481485159,1790924097,1790924097765,0,1,0,4480406908,1,0.03,4180.867,0.0,0.0,20.3,0.0,XAUUSDc,,,159109003,20.3,2026-10-02 06:54:57,2026-10-02,,
4074532039,4482634837,1790934535,1790934535891,0,1,0,4481721577,0,0.03,4182.674,0.0,0.0,8.9,0.0,XAUUSDc,,,159109003,8.9,2026-10-02 09:48:55,2026-10-02,,
806359114,486577188,1780333720,1780333720975,0,1,0,486576776,4,0.01,4456.99,0.0,0.0,-5.67,0.0,GOLD,[sl 4456.93],,317365275,-5.67,2026-06-01 17:08:40,2026-06-01,,
806368464,486586038,1780334203,1780334203377,0,1,0,486585062,4,0.01,4462.9,0.0,0.0,-4.86,0.0,GOLD,[sl 4462.72],,317365275,-4.86,2026-06-01 17:16:43,2026-06-01,,
806377510,486594396,1780334788,1780334788996,0,1,0,486587319,1,0.01,4452.01,0.0,0.0,5.31,0.0,GOLD,,"102,2951432075",317365275,5.31,2026-06-01 17:26:28,2026-06-01,,
806377964,486594837,1780334814,1780334814710,0,1,0,486587345,1,0.01,4451.56,0.0,0.0,6.06,0.0,GOLD,,"102,2951435510",317365275,6.06,2026-06-01 17:26:54,2026-06-01,,
806588630,486795936,1780372990,1780372990720,0,1,0,486795650,4,0.01,4483.85,0.0,0.0,-5.29,0.0,GOLD,[sl 4483.59],,317365275,-5.29,2026-06-02 04:03:10,2026-06-02,,
806614023,486819647,1780375927,1780375927722,0,1,0,486797094,5,0.01,4464.59,0.0,0.0,17.5,0.0,GOLD,[tp 4464.71],,317365275,17.5,2026-06-02 04:52:07,2026-06-02,,
806689535,486889950,1780385601,1780385601325,0,1,0,486882340,4,0.01,4507.35,0.0,0.0,0.07,0.0,GOLD,[sl 4507.30],,317365275,0.07,2026-06-02 07:33:21,2026-06-02,,
806698719,486898332,1780386444,1780386444477,0,1,0,486891047,4,0.01,4516.22,0.0,0.0,-5.43,0.0,GOLD,[sl 4515.88],,317365275,-5.43,2026-06-02 07:47:24,2026-06-02,,
806744407,486940509,1780390303,1780390303289,0,1,0,486914493,1,0.01,4520.05,0.0,0.0,5.36,0.0,GOLD,,"102,2953885201",317365275,5.36,2026-06-02 08:51:43,2026-06-02,,
806747408,486943452,1780390524,1780390524156,0,1,0,486899760,1,0.01,4519.08,0.0,0.0,-5.93,0.0,GOLD,,"102,2953904106",317365275,-5.93,2026-06-02 08:55:24,2026-06-02,,
806747409,486943453,1780390524,1780390524197,0,1,0,486903714,1,0.01,4519.07,0.0,0.0,-1.46,0.0,GOLD,,"102,2953904108",317365275,-1.46,2026-06-02 08:55:24,2026-06-02,,
806747410,486943454,1780390524,1780390524201,0,1,0,486914425,1,0.01,4519.07,0.0,0.0,6.34,0.0,GOLD,,"102,2953904109",317365275,6.34,2026-06-02 08:55:24,2026-06-02,,
806808549,487000644,1780396274,1780396274674,0,1,0,486993428,4,0.01,4534.19,0.0,0.0,4.72,0.0,GOLD,[sl 4534.19],,317365275,4.72,2026-06-02 10:31:14,2026-06-02,,
807323163,487482947,1780461041,1780461041231,1,1,0,487465993,1,0.01,4472.35,0.0,0.0,-2.59,0.0,GOLD,,"102,2957825740",317365275,-2.59,2026-06-03 04:30:41,2026-06-03,,
807323324,487483104,1780461051,1780461051533,1,1,0,487477816,1,0.01,4471.55,0.0,0.0,6.07,0.0,GOLD,,"102,2957827613",317365275,6.07,2026-06-03 04:30:51,2026-06-03,,
807553104,487699219,1780488928,1780488928945,0,1,0,487695665,1,0.01,4450.37,0.0,0.0,5.39,0.0,GOLD,,"102,2959495356",317365275,5.39,2026-06-03 12:15:28,2026-06-03,,
807656482,487797442,1780499883,1780499883329,0,1,0,487695791,4,0.01,4458.58,0.0,0.0,5.12,0.0,GOLD,[sl 4458.47],,317365275,5.12,2026-06-03 15:18:03,2026-06-03,,
807765814,487900127,1780505924,1780505924075,0,1,0,487898201,4,0.01,4445.01,0.0,0.0,0.27,0.0,GOLD,[sl 4444.96],,317365275,0.27,2026-06-03 16:58:44,2026-06-03,,
807796736,487929327,1780507758,1780507758420,0,1,0,487924484,4,0.01,4451.12,0.0,0.0,-3.04,0.0,GOLD,[sl 4451.08],,317365275,-3.04,2026-06-03 17:29:18,2026-06-03,,
807801925,487934374,1780508255,1780508255328,0,1,0,487932480,4,0.01,4453.86,0.0,0.0,-6.2,0.0,GOLD,[sl 4453.68],,317365275,-6.2,2026-06-03 17:37:35,2026-06-03,,
807801933,487934376,1780508255,1780508255329,0,1,0,487933153,4,0.01,4453.86,0.0,0.0,-3.42,0.0,GOLD,[sl 4453.69],,317365275,-3.42,2026-06-03 17:37:35,2026-06-03,,
807837586,487968263,1780510991,1780510991533,0,1,0,487934588,1,0.01,4440.32,0.0,0.0,11.08,0.0,GOLD,,"102,2961501846",317365275,11.08,2026-06-03 18:23:11,2026-06-03,,
808085741,488217378,1780557243,1780557243195,1,1,0,488202810,1,0.01,4469.12,0.0,0.0,8.79,0.0,GOLD,,"102,2963270003",317365275,8.79,2026-06-04 07:14:03,2026-06-04,,
808345873,488478796,1780584594,1780584594994,0,1,0,488464360,1,0.01,4501.0,0.0,0.0,3.13,0.0,GOLD,,"102,2965126215",317365275,3.13,2026-06-04 14:49:54,2026-06-04,,
808493895,488625453,1780593856,1780593856270,1,1,0,488624418,4,0.01,4487.61,0.0,0.0,0.02,0.0,GOLD,[sl 4487.74],,317365275,0.02,2026-06-04 17:24:16,2026-06-04,,
808516432,488647172,1780595166,1780595166141,1,1,0,488645176,4,0.01,4471.26,0.0,0.0,-1.91,0.0,GOLD,[sl 4471.62],,317365275,-1.91,2026-06-04 17:46:06,2026-06-04,,
808540266,488669461,1780596032,1780596032469,1,1,0,488667790,4,0.01,4465.72,0.0,0.0,1.02,0.0,GOLD,[sl 4465.73],,317365275,1.02,2026-06-04 18:00:32,2026-06-04,,
808692055,488820890,1780632047,1780632047562,0,1,0,488808505,1,0.01,4455.54,0.0,0.0,10.02,0.0,GOLD,,"102,2967572437",317365275,10.02,2026-06-05 04:00:47,2026-06-05,,
809069332,489176533,1780674332,1780674332526,0,1,0,489176211,4,0.01,4447.95,0.0,0.0,-3.72,0.0,GOLD,[sl 4447.87],,317365275,-3.72,2026-06-05 15:45:32,2026-06-05,,
809075451,489182367,1780674603,1780674603533,0,1,0,489178144,0,0.01,4441.0,0.0,0.0,6.08,0.0,GOLD,,"102,2970201410",317365275,6.08,2026-06-05 15:50:03,2026-06-05,,
809200233,489294295,1780678931,1780678931277,1,1,0,489254584,1,0.01,4372.36,0.0,0.0,4.47,0.0,GOLD,,"102,2971039883",317365275,4.47,2026-06-05 17:02:11,2026-06-05,,
809200234,489294294,1780678931,1780678931279,1,1,0,489244816,1,0.01,4372.36,0.0,0.0,2.18,0.0,GOLD,,"102,2971039885",317365275,2.18,2026-06-05 17:02:11,2026-06-05,,
809329698,489411397,1780686113,1780686113410,1,1,0,489342239,1,0.01,4332.95,0.0,0.0,-0.37,0.0,GOLD,,"102,2971906064",317365275,-0.37,2026-06-05 19:01:53,2026-06-05,,
809621464,489672407,1780883167,1780883167770,1,1,0,489668530,4,0.01,4320.9,0.0,0.0,0.87,0.0,GOLD,[sl 4321.04],,317365275,0.87,2026-06-08 01:46:07,2026-06-08,,
809637287,489687541,1780886690,1780886690794,1,1,0,489675333,1,0.01,4339.04,0.0,0.0,20.54,0.0,GOLD,,"102,2973888490",317365275,20.54,2026-06-08 02:44:50,2026-06-08,,
809643564,489693409,1780887624,1780887624477,0,1,0,489691828,4,0.01,4343.74,0.0,0.0,-0.12,0.0,GOLD,[sl 4343.41],,317365275,-0.12,2026-06-08 03:00:24,2026-06-08,,
809702888,489748558,1780893091,1780893091976,1,1,0,489741969,1,0.01,4308.52,0.0,0.0,6.66,0.0,GOLD,,"102,2974312363",317365275,6.66,2026-06-08 04:31:31,2026-06-08,,
809783262,489824094,1780904054,1780904054724,1,1,0,489744150,4,0.01,4311.86,0.0,0.0,10.75,0.0,GOLD,[sl 4311.94],,317365275,10.75,2026-06-08 07:34:14,2026-06-08,,
809825745,489863259,1780907890,1780907890342,1,1,0,489857551,1,0.01,4281.25,0.0,0.0,1.27,0.0,GOLD,,"102,2975208301",317365275,1.27,2026-06-08 08:38:10,2026-06-08,,
809826059,489863555,1780907896,1780907896664,1,1,0,489826230,1,0.01,4283.4,0.0,0.0,-1.7,0.0,GOLD,,"102,2975211289",317365275,-1.7,2026-06-08 08:38:16,2026-06-08,,
809827978,489865304,1780907949,1780907949515,1,1,0,489861464,1,0.01,4290.08,0.0,0.0,20.3,0.0,GOLD,,"102,2975225779",317365275,20.3,2026-06-08 08:39:09,2026-06-08,,
810002509,490029132,1780923724,1780923724329,1,1,0,490018932,4,0.01,4288.99,0.0,0.0,-6.58,0.0,GOLD,[sl 4289.14],,317365275,-6.58,2026-06-08 13:02:04,2026-06-08,,
810408859,490414481,1780977689,1780977689922,0,1,0,490410694,4,0.01,4323.94,0.0,0.0,-8.98,0.0,GOLD,[sl 4323.92],,317365275,-8.98,2026-06-09 04:01:29,2026-06-09,,
810420024,490425006,1780978940,1780978940529,0,1,0,490423558,4,0.01,4330.92,0.0,0.0,-7.19,0.0,GOLD,[sl 4330.58],,317365275,-7.19,2026-06-09 04:22:20,2026-06-09,,
810473321,490476647,1780987469,1780987469720,0,1,0,490470588,4,0.01,4338.19,0.0,0.0,1.18,0.0,GOLD,[sl 4338.16],,317365275,1.18,2026-06-09 06:44:29,2026-06-09,,
810478207,490481431,1780988440,1780988440103,0,1,0,490478823,0,0.01,4334.48,0.0,0.0,3.73,0.0,GOLD,,"102,2979594700",317365275,3.73,2026-06-09 07:00:40,2026-06-09,,
810481585,490484808,1780989279,1780989279172,1,1,0,490483132,4,0.01,4332.7,0.0,0.0,-2.49,0.0,GOLD,[sl 4332.81],,317365275,-2.49,2026-06-09 07:14:39,2026-06-09,,
810487438,490490435,1780990267,1780990267599,0,1,0,490485285,1,0.01,4328.92,0.0,0.0,3.09,0.0,GOLD,,"102,2979659889",317365275,3.09,2026-06-09 07:31:07,2026-06-09,,
810523613,490524721,1780994533,1780994533423,1,1,0,490512618,1,0.01,4346.96,0.0,0.0,12.87,0.0,GOLD,,"102,2979887599",317365275,12.87,2026-06-09 08:42:13,2026-06-09,,
810754764,490747271,1781021844,1781021844322,1,1,0,490740883,4,0.01,4338.71,0.0,0.0,0.23,0.0,GOLD,[sl 4338.84],,317365275,0.23,2026-06-09 16:17:24,2026-06-09,,
810759734,490751947,1781022085,1781022085278,1,1,0,490749114,4,0.01,4332.68,0.0,0.0,-3.42,0.0,GOLD,[sl 4332.69],,317365275,-3.42,2026-06-09 16:21:25,2026-06-09,,
810767516,490759368,1781022612,1781022612326,1,1,0,490754373,4,0.01,4328.93,0.0,0.0,-4.57,0.0,GOLD,[sl 4329.10],,317365275,-4.57,2026-06-09 16:30:12,2026-06-09,,
810780232,490771582,1781023291,1781023291316,1,1,0,490763231,1,0.01,4326.49,0.0,0.0,-7.88,0.0,GOLD,,"102,2981728394",317365275,-7.88,2026-06-09 16:41:31,2026-06-09,,
810789340,490780259,1781023635,1781023635529,1,1,0,490771435,1,0.01,4336.97,0.0,0.0,9.44,0.0,GOLD,,"102,2981788127",317365275,9.44,2026-06-09 16:47:15,2026-06-09,,
810797040,490787106,1781023730,1781023730195,1,1,0,490762632,1,0.01,4351.46,0.0,0.0,25.41,0.0,GOLD,,"102,2981824653",317365275,25.41,2026-06-09 16:48:50,2026-06-09,,
811141963,491106310,1781055810,1781055810277,1,1,0,491105349,4,0.01,4248.56,0.0,0.0,-5.26,0.0,GOLD,[sl 4248.64],,317365275,-5.26,2026-06-10 01:43:30,2026-06-10,,
811146589,491110354,1781056304,1781056304222,1,1,0,491108532,4,0.01,4234.75,0.0,0.0,-6.25,0.0,GOLD,[sl 4234.80],,317365275,-6.25,2026-06-10 01:51:44,2026-06-10,,
811151051,491114489,1781057131,1781057131027,1,1,0,491111982,1,0.01,4247.0,0.0,0.0,11.42,0.0,GOLD,,"102,2984151099",317365275,11.42,2026-06-10 02:05:31,2026-06-10,,
811217338,491175499,1781065000,1781065000392,1,1,0,491122764,1,0.01,4209.82,0.0,0.0,-15.56,0.0,GOLD,,"102,2984595277",317365275,-15.56,2026-06-10 04:16:40,2026-06-10,,
811217385,491175541,1781065003,1781065003610,1,1,0,490903729,1,0.01,4210.79,0.0,0.0,7.689999999999999,0.0,GOLD,,"102,2984595752",317365275,7.689999999999999,2026-06-10 04:16:43,2026-06-10,,
811217431,491175587,1781065007,1781065007810,1,1,0,490893416,1,0.01,4210.44,0.0,0.0,-6.66,0.0,GOLD,,"102,2984596331",317365275,-6.66,2026-06-10 04:16:47,2026-06-10,,
811217477,491175626,1781065012,1781065012968,1,1,0,491104770,1,0.01,4210.06,0.0,0.0,10.48,0.0,GOLD,,"102,2984596819",317365275,10.48,2026-06-10 04:16:52,2026-06-10,,
811217519,491175670,1781065019,1781065019382,1,1,0,490904171,1,0.01,4210.48,0.0,0.0,12.57,0.0,GOLD,,"102,2984597505",317365275,12.57,2026-06-10 04:16:59,2026-06-10,,
811217612,491175763,1781065028,1781065028977,1,1,0,491155741,1,0.01,4209.85,0.0,0.0,14.92,0.0,GOLD,,"102,2984598247",317365275,14.92,2026-06-10 04:17:08,2026-06-10,,
811291636,491245326,1781074808,1781074808265,1,1,0,491180834,0,0.01,4185.86,0.0,0.0,-8.17,0.0,GOLD,,"102,2985135491",317365275,-8.17,2026-06-10 07:00:08,2026-06-10,,
811323561,491275614,1781080214,1781080214806,1,1,0,491155928,1,0.01,4188.85,0.0,0.0,-2.79,0.0,GOLD,,"102,2985372829",317365275,-2.79,2026-06-10 08:30:14,2026-06-10,,
811326495,491278413,1781080387,1781080387770,1,1,0,491180801,1,0.01,4190.19,0.0,0.0,2.79,0.0,GOLD,,"102,2985394480",317365275,2.79,2026-06-10 08:33:07,2026-06-10,,
811328907,491280608,1781080545,1781080545099,1,1,0,491202599,0,0.01,4192.22,0.0,0.0,15.59,0.0,GOLD,,"102,2985411805",317365275,15.59,2026-06-10 08:35:45,2026-06-10,,
811453472,491396789,1781090188,1781090188443,1,1,0,491351588,1,0.01,4176.34,0.0,0.0,1.82,0.0,GOLD,,"102,2986242477",317365275,1.82,2026-06-10 11:16:28,2026-06-10,,
811512970,491453033,1781096019,1781096019972,1,1,0,491256935,4,0.01,4163.02,0.0,0.0,0.69,0.0,GOLD,[sl 4163.07],,317365275,0.69,2026-06-10 12:53:39,2026-06-10,,
811557418,491494553,1781100277,1781100277621,1,1,0,491477621,4,0.01,4160.62,0.0,0.0,-8.44,0.0,GOLD,[sl 4160.67],,317365275,-8.44,2026-06-10 14:04:37,2026-06-10,,
811559478,491496406,1781100316,1781100316822,1,1,0,491478468,4,0.01,4154.63,0.0,0.0,-8.04,0.0,GOLD,[sl 4154.84],,317365275,-8.04,2026-06-10 14:05:16,2026-06-10,,
811559626,491496530,1781100317,1781100317330,1,1,0,491494760,4,0.01,4153.81,0.0,0.0,-3.98,0.0,GOLD,[sl 4153.99],,317365275,-3.98,2026-06-10 14:05:17,2026-06-10,,
811567116,491503514,1781100714,1781100714324,1,1,0,491497191,1,0.01,4164.63,0.0,0.0,5.43,0.0,GOLD,,"102,2986971963",317365275,5.43,2026-06-10 14:11:54,2026-06-10,,
811568762,491505038,1781100888,1781100888259,1,1,0,491497041,1,0.01,4167.74,0.0,0.0,8.94,0.0,GOLD,,"102,2986983502",317365275,8.94,2026-06-10 14:14:48,2026-06-10,,
811575025,491510781,1781101516,1781101516482,1,1,0,491497094,4,0.01,4160.18,0.0,0.0,1.76,0.0,GOLD,[sl 4160.47],,317365275,1.76,2026-06-10 14:25:16,2026-06-10,,
811578726,491514193,1781101710,1781101710238,1,1,0,491513609,1,0.01,4165.89,0.0,0.0,0.33,0.0,GOLD,,"102,2987051750",317365275,0.33,2026-06-10 14:28:30,2026-06-10,,
811609631,491542535,1781104193,1781104193624,1,1,0,491514298,4,0.01,4144.87,0.0,0.0,-1.39,0.0,GOLD,[sl 4144.87],,317365275,-1.39,2026-06-10 15:09:53,2026-06-10,,
811831590,491747988,1781114341,1781114341910,1,1,0,491719070,1,0.01,4120.11,0.0,0.0,-22.84,0.0,GOLD,,"102,2988670809",317365275,-22.84,2026-06-10 17:59:01,2026-06-10,,
811836943,491752979,1781114516,1781114516924,1,1,0,491719190,1,0.01,4135.48,0.0,0.0,1.0,0.0,GOLD,,"102,2988706282",317365275,1.0,2026-06-10 18:01:56,2026-06-10,,
811837870,491753863,1781114543,1781114543998,1,1,0,491738525,1,0.01,4133.4,0.0,0.0,2.98,0.0,GOLD,,"102,2988712964",317365275,2.98,2026-06-10 18:02:23,2026-06-10,,
811854312,491769246,1781115480,1781115480528,1,1,0,491751255,4,0.01,4115.5,0.0,0.0,-12.0,0.0,GOLD,[sl 4117.12],,317365275,-12.0,2026-06-10 18:18:00,2026-06-10,,
811885989,491798596,1781117294,1781117294326,1,1,0,491772820,4,0.01,4112.44,0.0,0.0,-7.689999999999999,0.0,GOLD,[sl 4113.13],,317365275,-7.689999999999999,2026-06-10 18:48:14,2026-06-10,,
811923789,491834005,1781120335,1781120335498,1,1,0,491765824,1,0.01,4129.84,0.0,0.0,21.98,0.0,GOLD,,"102,2989278947",317365275,21.98,2026-06-10 19:38:55,2026-06-10,,
811995628,491901881,1781129056,1781129056471,1,1,0,491556514,4,0.01,4096.9,0.0,0.0,-7.83,0.0,GOLD,[sl 4096.90],,317365275,-7.83,2026-06-10 22:04:16,2026-06-10,,
811997889,491904021,1781129364,1781129364681,1,1,0,491556420,4,0.01,4095.16,0.0,0.0,-7.67,0.0,GOLD,[sl 4095.17],,317365275,-7.67,2026-06-10 22:09:24,2026-06-10,,
812028800,491932048,1781134008,1781134008749,1,1,0,491926122,1,0.01,4079.5,0.0,0.0,8.16,0.0,GOLD,,"102,2990002241",317365275,8.16,2026-06-10 23:26:48,2026-06-10,,
812054694,491954053,1781141848,1781141848831,1,1,0,491926184,1,0.01,4062.59,0.0,0.0,-3.82,0.0,GOLD,,"102,2990158957",317365275,-3.82,2026-06-11 01:37:28,2026-06-11,,
812054763,491954115,1781141853,1781141853634,1,1,0,491926487,1,0.01,4061.8,0.0,0.0,-0.61,0.0,GOLD,,"102,2990159494",317365275,-0.61,2026-06-11 01:37:33,2026-06-11,,
812054924,491954265,1781141866,1781141866096,1,1,0,491927042,1,0.01,4061.78,0.0,0.0,5.0,0.0,GOLD,,"102,2990160408",317365275,5.0,2026-06-11 01:37:46,2026-06-11,,
812056377,491955598,1781142032,1781142032777,1,1,0,491952136,1,0.01,4065.2,0.0,0.0,13.94,0.0,GOLD,,"102,2990168214",317365275,13.94,2026-06-11 01:40:32,2026-06-11,,
812071052,491969040,1781144118,1781144118973,1,1,0,491961830,1,0.01,4027.75,0.0,0.0,-17.06,0.0,GOLD,,"102,2990268271",317365275,-17.06,2026-06-11 02:15:18,2026-06-11,,
812077773,491975101,1781144849,1781144849792,1,1,0,491961887,1,0.01,4059.94,0.0,0.0,21.75,0.0,GOLD,,"102,2990314951",317365275,21.75,2026-06-11 02:27:29,2026-06-11,,
812082746,491979689,1781145846,1781145846711,1,1,0,491978078,4,0.01,4056.23,0.0,0.0,-5.21,0.0,GOLD,[sl 4056.66],,317365275,-5.21,2026-06-11 02:44:06,2026-06-11,,
812155449,492048560,1781153712,1781153712011,0,1,0,492031038,1,0.01,4103.55,0.0,0.0,13.5,0.0,GOLD,,"102,2990827685",317365275,13.5,2026-06-11 04:55:12,2026-06-11,,
812191995,492084003,1781157400,1781157400948,1,1,0,492068951,1,0.01,4070.99,0.0,0.0,0.57,0.0,GOLD,,"102,2991085768",317365275,0.57,2026-06-11 05:56:40,2026-06-11,,
812195806,492087736,1781157795,1781157795224,1,1,0,492068820,1,0.01,4074.24,0.0,0.0,11.64,0.0,GOLD,,"102,2991115225",317365275,11.64,2026-06-11 06:03:15,2026-06-11,,
812520632,492399055,1781192679,1781192679126,1,1,0,492376982,5,0.01,4076.98,0.0,0.0,5.97,0.0,GOLD,[tp 4076.96],,317365275,5.97,2026-06-11 15:44:39,2026-06-11,,
812531710,492409789,1781193327,1781193327430,1,1,0,492385703,1,0.01,4083.6,0.0,0.0,20.24,0.0,GOLD,,"102,2993412047",317365275,20.24,2026-06-11 15:55:27,2026-06-11,,
812868230,492722981,1781229404,1781229404484,0,1,0,492050868,6,0.01,4239.01,0.0,0.11,-59.93,0.0,GOLD,[so 12.26%/2.58/21.05],,317365275,-59.82,2026-06-12 01:56:44,2026-06-12,,
812868237,492722991,1781229404,1781229404519,0,1,0,492712796,6,0.01,4239.01,0.0,0.0,-29.85,0.0,GOLD,[so 15.29%/2.58/16.87],,317365275,-29.85,2026-06-12 01:56:44,2026-06-12,,
812868250,492722999,1781229404,1781229404627,0,1,0,492715029,6,0.01,4239.18,0.0,0.0,-26.33,0.0,GOLD,[so 16.35%/2.07/12.66],,317365275,-26.33,2026-06-12 01:56:44,2026-06-12,,
812868434,492723163,1781229427,1781229427631,0,1,0,492716939,6,0.01,4239.76,0.0,0.0,-20.87,0.0,GOLD,[so 10.78%/0.91/8.44],,317365275,-20.87,2026-06-12 01:57:07,2026-06-12,,
812868471,492723197,1781229431,1781229431180,0,1,0,492717027,6,0.01,4239.9,0.0,0.0,-14.12,0.0,GOLD,[so 18.20%/0.77/4.23],,317365275,-14.12,2026-06-12 01:57:11,2026-06-12,,
812887877,492741338,1781233293,1781233293951,1,1,0,492740029,6,0.01,4212.59,0.0,0.0,-9.8,0.0,GOLD,[so 15.85%/5.35/33.76],,317365275,-9.8,2026-06-12 03:01:33,2026-06-12,,
812887885,492741344,1781233293,1781233293985,1,1,0,492740031,6,0.01,4212.59,0.0,0.0,-9.62,0.0,GOLD,[so 18.11%/5.35/29.54],,317365275,-9.62,2026-06-12 03:01:33,2026-06-12,,
812887911,492741364,1781233294,1781233294675,1,1,0,492740030,6,0.01,4212.44,0.0,0.0,-9.57,0.0,GOLD,[so 17.58%/4.45/25.32],,317365275,-9.57,2026-06-12 03:01:34,2026-06-12,,
812891651,492744879,1781234127,1781234127272,1,1,0,492740032,6,0.01,4212.34,0.0,0.0,-9.59,0.0,GOLD,[so 18.72%/3.95/21.10],,317365275,-9.59,2026-06-12 03:15:27,2026-06-12,,
812891717,492744943,1781234133,1781234133573,1,1,0,492740027,6,0.01,4212.15,0.0,0.0,-8.71,0.0,GOLD,[so 18.90%/3.19/16.88],,317365275,-8.71,2026-06-12 03:15:33,2026-06-12,,
812891747,492744968,1781234133,1781234133977,1,1,0,492740246,6,0.01,4211.51,0.0,0.0,-7.98,0.0,GOLD,[so 10.03%/1.27/12.66],,317365275,-7.98,2026-06-12 03:15:33,2026-06-12,,
812891780,492744997,1781234134,1781234134012,1,1,0,492740202,6,0.01,4211.51,0.0,0.0,-7.6,0.0,GOLD,[so 15.05%/1.27/8.44],,317365275,-7.6,2026-06-12 03:15:34,2026-06-12,,
812891907,492745111,1781234138,1781234138922,1,1,0,492732964,6,0.01,4211.04,0.0,0.0,-5.65,0.0,GOLD,[so 18.96%/0.80/4.22],,317365275,-5.65,2026-06-12 03:15:38,2026-06-12,,
813006449,492852950,1781253307,1781253307422,1,1,0,492809380,4,0.01,4177.74,0.0,0.0,-7.19,0.0,GOLD,[sl 4177.79],,317365275,-7.19,2026-06-12 08:35:07,2026-06-12,,
813057352,492901447,1781260328,1781260328780,1,1,0,492889252,4,0.02,4173.15,0.0,0.0,-23.44,0.0,GOLD,[sl 4173.18],,317365275,-23.44,2026-06-12 10:32:08,2026-06-12,,
813058649,492902612,1781260402,1781260402076,1,1,0,492896102,4,0.02,4170.06,0.0,0.0,-17.22,0.0,GOLD,[sl 4170.09],,317365275,-17.22,2026-06-12 10:33:22,2026-06-12,,
813075228,492918292,1781261987,1781261987485,1,1,0,492915646,1,0.02,4190.69,0.0,0.0,14.28,0.0,GOLD,,"102,2997310811",317365275,14.28,2026-06-12 10:59:47,2026-06-12,,
813076061,492919063,1781262005,1781262005958,1,1,0,492910547,1,0.01,4192.33,0.0,0.0,13.9,0.0,GOLD,,"102,2997316618",317365275,13.9,2026-06-12 11:00:05,2026-06-12,,
813076225,492919240,1781262011,1781262011883,1,1,0,492910547,1,0.01,4192.55,0.0,0.0,14.12,0.0,GOLD,,"102,2997318053",317365275,14.12,2026-06-12 11:00:11,2026-06-12,,
813076342,492919349,1781262018,1781262018935,1,1,0,492896932,1,0.01,4193.06,0.0,0.0,16.84,0.0,GOLD,,"102,2997319094",317365275,16.84,2026-06-12 11:00:18,2026-06-12,,
813081600,492924316,1781262315,1781262315221,1,1,0,492896932,4,0.01,4196.34,0.0,0.0,20.12,0.0,GOLD,[sl 4196.34],,317365275,20.12,2026-06-12 11:05:15,2026-06-12,,
813280669,493112503,1781281088,1781281088742,1,1,0,493040884,1,0.01,4201.7,0.0,0.0,13.72,0.0,GOLD,,"102,2998680744",317365275,13.72,2026-06-12 16:18:08,2026-06-12,,
813651183,493449986,1781495487,1781495487033,0,1,0,493417411,1,0.01,4294.53,0.0,0.0,10.53,0.0,GOLD,,"102,3001111936",317365275,10.53,2026-06-15 03:51:27,2026-06-15,,
813747058,493540843,1781507765,1781507765510,1,1,0,493540229,1,0.01,4326.36,0.0,0.0,0.31,0.0,GOLD,,"102,3001748199",317365275,0.31,2026-06-15 07:16:05,2026-06-15,,
813747071,493540853,1781507769,1781507769151,1,1,0,493540230,1,0.01,4326.68,0.0,0.0,0.63,0.0,GOLD,,"102,3001748316",317365275,0.63,2026-06-15 07:16:09,2026-06-15,,
813782185,493574572,1781512848,1781512848252,0,1,0,493524069,1,0.01,4320.65,0.0,0.0,3.71,0.0,GOLD,,"102,3001984499",317365275,3.71,2026-06-15 08:40:48,2026-06-15,,
813783020,493575402,1781512922,1781512922033,0,1,0,493549006,1,0.01,4319.84,0.0,0.0,9.07,0.0,GOLD,,"102,3001989777",317365275,9.07,2026-06-15 08:42:02,2026-06-15,,
814429065,494188606,1781592356,1781592356132,0,1,0,494162427,1,0.01,4331.32,0.0,0.0,-16.14,0.0,GOLD,,"102,3006129034",317365275,-16.14,2026-06-16 06:45:56,2026-06-16,,
814429107,494188652,1781592362,1781592362267,0,1,0,494162243,1,0.01,4332.01,0.0,0.0,-10.36,0.0,GOLD,,"102,3006129311",317365275,-10.36,2026-06-16 06:46:02,2026-06-16,,
814429129,494188671,1781592365,1781592365195,0,1,0,494182750,1,0.01,4332.13,0.0,0.0,-6.72,0.0,GOLD,,"102,3006129463",317365275,-6.72,2026-06-16 06:46:05,2026-06-16,,
814469138,494228061,1781599154,1781599154486,0,1,0,494227422,1,0.01,4320.21,0.0,0.0,-0.83,0.0,GOLD,,"102,3006408420",317365275,-0.83,2026-06-16 08:39:14,2026-06-16,,
814469139,494228062,1781599154,1781599154490,0,1,0,494227424,1,0.01,4320.23,0.0,0.0,-0.85,0.0,GOLD,,"102,3006408421",317365275,-0.85,2026-06-16 08:39:14,2026-06-16,,
814469140,494228063,1781599154,1781599154496,0,1,0,494227427,1,0.01,4320.23,0.0,0.0,-0.85,0.0,GOLD,,"102,3006408422",317365275,-0.85,2026-06-16 08:39:14,2026-06-16,,
814469141,494228064,1781599154,1781599154499,0,1,0,494227429,1,0.01,4320.23,0.0,0.0,-0.85,0.0,GOLD,,"102,3006408423",317365275,-0.85,2026-06-16 08:39:14,2026-06-16,,
814469142,494228067,1781599154,1781599154503,0,1,0,494227435,1,0.01,4320.23,0.0,0.0,-0.85,0.0,GOLD,,"102,3006408424",317365275,-0.85,2026-06-16 08:39:14,2026-06-16,,
814469143,494228066,1781599154,1781599154505,0,1,0,494227434,1,0.01,4320.23,0.0,0.0,-0.85,0.0,GOLD,,"102,3006408425",317365275,-0.85,2026-06-16 08:39:14,2026-06-16,,
814469144,494228065,1781599154,1781599154507,0,1,0,494227431,1,0.01,4320.23,0.0,0.0,-0.85,0.0,GOLD,,"102,3006408426",317365275,-0.85,2026-06-16 08:39:14,2026-06-16,,
814469145,494228068,1781599154,1781599154508,0,1,0,494227439,1,0.01,4320.23,0.0,0.0,-0.85,0.0,GOLD,,"102,3006408427",317365275,-0.85,2026-06-16 08:39:14,2026-06-16,,
814469146,494228069,1781599154,1781599154510,0,1,0,494227442,1,0.01,4320.23,0.0,0.0,-0.85,0.0,GOLD,,"102,3006408428",317365275,-0.85,2026-06-16 08:39:14,2026-06-16,,
814469147,494228070,1781599154,1781599154511,0,1,0,494227444,1,0.01,4320.23,0.0,0.0,-0.85,0.0,GOLD,,"102,3006408429",317365275,-0.85,2026-06-16 08:39:14,2026-06-16,,
814469148,494228071,1781599154,1781599154512,0,1,0,494227445,1,0.01,4320.23,0.0,0.0,-0.91,0.0,GOLD,,"102,3006408430",317365275,-0.91,2026-06-16 08:39:14,2026-06-16,,
814469149,494228072,1781599154,1781599154514,0,1,0,494227449,1,0.01,4320.23,0.0,0.0,-0.92,0.0,GOLD,,"102,3006408431",317365275,-0.92,2026-06-16 08:39:14,2026-06-16,,
814469150,494228073,1781599154,1781599154569,1,1,0,494189438,6,0.01,4319.65,0.0,0.0,-13.44,0.0,GOLD,[so 12.98%/6.18/47.61],,317365275,-13.44,2026-06-16 08:39:14,2026-06-16,,
814469151,494228074,1781599154,1781599154602,1,1,0,494188689,6,0.01,4319.65,0.0,0.0,-12.7,0.0,GOLD,[so 14.28%/6.18/43.28],,317365275,-12.7,2026-06-16 08:39:14,2026-06-16,,
814469152,494228076,1781599154,1781599154637,1,1,0,494190175,6,0.01,4319.65,0.0,0.0,-11.99,0.0,GOLD,[so 15.87%/6.18/38.94],,317365275,-11.99,2026-06-16 08:39:14,2026-06-16,,
814469154,494228077,1781599154,1781599154672,1,1,0,494188560,6,0.01,4319.62,0.0,0.0,-11.27,0.0,GOLD,[so 17.86%/6.18/34.61],,317365275,-11.27,2026-06-16 08:39:14,2026-06-16,,
814469155,494228078,1781599154,1781599154705,1,1,0,494198486,6,0.01,4319.62,0.0,0.0,-7.97,0.0,GOLD,[so 19.62%/5.94/30.28],,317365275,-7.97,2026-06-16 08:39:14,2026-06-16,,
814469165,494228089,1781599155,1781599155932,1,1,0,494198490,6,0.01,4319.49,0.0,0.0,-8.07,0.0,GOLD,[so 19.88%/5.16/25.95],,317365275,-8.07,2026-06-16 08:39:15,2026-06-16,,
814469172,494228095,1781599156,1781599156521,1,1,0,494195515,6,0.01,4319.27,0.0,0.0,-6.2,0.0,GOLD,[so 18.78%/4.06/21.62],,317365275,-6.2,2026-06-16 08:39:16,2026-06-16,,
814469209,494228119,1781599156,1781599156640,1,1,0,494195743,6,0.01,4318.86,0.0,0.0,-6.42,0.0,GOLD,[so 13.99%/2.42/17.30],,317365275,-6.42,2026-06-16 08:39:16,2026-06-16,,
814469232,494228149,1781599156,1781599156675,1,1,0,494195768,6,0.01,4318.86,0.0,0.0,-6.14,0.0,GOLD,[so 18.66%/2.42/12.97],,317365275,-6.14,2026-06-16 08:39:16,2026-06-16,,
814469281,494228189,1781599156,1781599156774,1,1,0,494203455,6,0.01,4318.51,0.0,0.0,-4.64,0.0,GOLD,[so 19.88%/1.72/8.65],,317365275,-4.64,2026-06-16 08:39:16,2026-06-16,,
814469868,494228732,1781599183,1781599183833,1,1,0,494203459,6,0.01,4317.62,0.0,0.0,-5.45,0.0,GOLD,[so 19.21%/0.83/4.32],,317365275,-5.45,2026-06-16 08:39:43,2026-06-16,,
814543455,494299476,1781608143,1781608143417,1,1,0,494278904,1,0.01,4335.02,0.0,0.0,2.96,0.0,GOLD,,"102,3006886498",317365275,2.96,2026-06-16 11:09:03,2026-06-16,,
814543468,494299487,1781608147,1781608147179,1,1,0,494280978,1,0.01,4335.45,0.0,0.0,4.99,0.0,GOLD,,"102,3006886693",317365275,4.99,2026-06-16 11:09:07,2026-06-16,,
814543497,494299517,1781608152,1781608152201,1,1,0,494296052,1,0.01,4335.84,0.0,0.0,1.21,0.0,GOLD,,"102,3006886948",317365275,1.21,2026-06-16 11:09:12,2026-06-16,,
814543548,494299564,1781608157,1781608157409,1,1,0,494283417,1,0.01,4335.61,0.0,0.0,6.82,0.0,GOLD,,"102,3006887258",317365275,6.82,2026-06-16 11:09:17,2026-06-16,,
814544534,494300466,1781608189,1781608189809,1,1,0,494266949,1,0.01,4336.85,0.0,0.0,9.82,0.0,GOLD,,"102,3006891693",317365275,9.82,2026-06-16 11:09:49,2026-06-16,,
814552119,494307453,1781608645,1781608645146,1,1,0,494261232,1,0.01,4340.35,0.0,0.0,16.64,0.0,GOLD,,"102,3006935988",317365275,16.64,2026-06-16 11:17:25,2026-06-16,,
814558469,494313499,1781609212,1781609212716,1,1,0,494244328,1,0.01,4343.35,0.0,0.0,25.19,0.0,GOLD,,"102,3006971838",317365275,25.19,2026-06-16 11:26:52,2026-06-16,,
814572637,494327125,1781610869,1781610869815,1,1,0,494244412,1,0.01,4344.66,0.0,0.0,25.75,0.0,GOLD,,"102,3007060278",317365275,25.75,2026-06-16 11:54:29,2026-06-16,,
814688422,494438699,1781624739,1781624739321,0,1,0,494431014,4,0.01,4350.56,0.0,0.0,-8.5,0.0,GOLD,[sl 4350.50],,317365275,-8.5,2026-06-16 15:45:39,2026-06-16,,
814689753,494439965,1781624847,1781624847448,0,1,0,494435184,4,0.01,4351.09,0.0,0.0,-4.11,0.0,GOLD,[sl 4350.90],,317365275,-4.11,2026-06-16 15:47:27,2026-06-16,,
814736410,494484601,1781627522,1781627522194,1,1,0,494464715,1,0.01,4339.8,0.0,0.0,0.51,0.0,GOLD,,"102,3008121656",317365275,0.51,2026-06-16 16:32:02,2026-06-16,,
814755041,494502889,1781629053,1781629053821,1,1,0,494449091,4,0.01,4331.64,0.0,0.0,-5.84,0.0,GOLD,[sl 4331.71],,317365275,-5.84,2026-06-16 16:57:33,2026-06-16,,
814755048,494502893,1781629053,1781629053823,1,1,0,494449121,4,0.01,4331.64,0.0,0.0,-3.48,0.0,GOLD,[sl 4331.66],,317365275,-3.48,2026-06-16 16:57:33,2026-06-16,,
814755055,494502896,1781629053,1781629053825,1,1,0,494457647,4,0.01,4331.64,0.0,0.0,-15.88,0.0,GOLD,[sl 4331.71],,317365275,-15.88,2026-06-16 16:57:33,2026-06-16,,
814755058,494502897,1781629053,1781629053826,1,1,0,494457771,4,0.01,4331.64,0.0,0.0,-11.36,0.0,GOLD,[sl 4331.66],,317365275,-11.36,2026-06-16 16:57:33,2026-06-16,,
814773454,494520455,1781630291,1781630291730,0,1,0,494505101,1,0.01,4327.96,0.0,0.0,3.76,0.0,GOLD,,"102,3008370897",317365275,3.76,2026-06-16 17:18:11,2026-06-16,,
814775086,494521951,1781630322,1781630322277,0,1,0,494514739,1,0.01,4326.58,0.0,0.0,7.12,0.0,GOLD,,"102,3008379426",317365275,7.12,2026-06-16 17:18:42,2026-06-16,,
814775853,494522652,1781630340,1781630340553,0,1,0,494505601,1,0.01,4324.97,0.0,0.0,10.56,0.0,GOLD,,"102,3008383485",317365275,10.56,2026-06-16 17:19:00,2026-06-16,,
814776810,494523532,1781630366,1781630366534,0,1,0,494506637,1,0.01,4324.79,0.0,0.0,11.66,0.0,GOLD,,"102,3008389638",317365275,11.66,2026-06-16 17:19:26,2026-06-16,,
814786601,494532754,1781630866,1781630866177,0,1,0,494507275,1,0.01,4320.62,0.0,0.0,16.92,0.0,GOLD,,"102,3008448696",317365275,16.92,2026-06-16 17:27:46,2026-06-16,,
814804574,494549611,1781631490,1781631490267,1,1,0,494544542,1,0.01,4325.26,0.0,0.0,9.6,0.0,GOLD,,"102,3008556724",317365275,9.6,2026-06-16 17:38:10,2026-06-16,,
814845870,494589500,1781635950,1781635950955,0,1,0,494572427,4,0.01,4329.27,0.0,0.0,-2.58,0.0,GOLD,[sl 4329.24],,317365275,-2.58,2026-06-16 18:52:30,2026-06-16,,
814865354,494607720,1781636912,1781636912766,0,1,0,494604484,4,0.01,4344.28,0.0,0.0,-7.45,0.0,GOLD,[sl 4344.18],,317365275,-7.45,2026-06-16 19:08:32,2026-06-16,,
815037495,494772012,1781681352,1781681352525,1,1,0,494755548,4,0.01,4325.16,0.0,0.0,-1.95,0.0,GOLD,[sl 4325.21],,317365275,-1.95,2026-06-17 07:29:12,2026-06-17,,
815037610,494772094,1781681352,1781681352822,1,1,0,494755376,4,0.01,4325.04,0.0,0.0,-6.55,0.0,GOLD,[sl 4325.04],,317365275,-6.55,2026-06-17 07:29:12,2026-06-17,,
815037614,494772098,1781681352,1781681352823,1,1,0,494755399,4,0.01,4325.04,0.0,0.0,-3.84,0.0,GOLD,[sl 4325.13],,317365275,-3.84,2026-06-17 07:29:12,2026-06-17,,
815046847,494780565,1781681927,1781681927515,1,1,0,494746402,1,0.01,4324.64,0.0,0.0,0.66,0.0,GOLD,,"102,3010145324",317365275,0.66,2026-06-17 07:38:47,2026-06-17,,
815047057,494780754,1781681944,1781681944861,1,1,0,494746435,1,0.01,4324.84,0.0,0.0,2.6,0.0,GOLD,,"102,3010147041",317365275,2.6,2026-06-17 07:39:04,2026-06-17,,
815053337,494786904,1781683335,1781683335596,1,1,0,494746487,1,0.01,4327.06,0.0,0.0,6.51,0.0,GOLD,,"102,3010191420",317365275,6.51,2026-06-17 08:02:15,2026-06-17,,
815076538,494809377,1781686582,1781686582329,1,1,0,494773069,4,0.01,4325.98,0.0,0.0,6.61,0.0,GOLD,[sl 4326.16],,317365275,6.61,2026-06-17 08:56:22,2026-06-17,,
815319458,495043600,1781716106,1781716106417,0,1,0,495008063,1,0.01,4345.89,0.0,0.0,-8.9,0.0,GOLD,,"102,3011982155",317365275,-8.9,2026-06-17 17:08:26,2026-06-17,,
815329929,495053505,1781717003,1781717003479,0,1,0,495018736,4,0.01,4347.68,0.0,0.0,-7.65,0.0,GOLD,[sl 4347.50],,317365275,-7.65,2026-06-17 17:23:23,2026-06-17,,
815330987,495054303,1781717010,1781717010656,0,1,0,495026595,4,0.01,4350.0,0.0,0.0,-6.97,0.0,GOLD,[sl 4349.95],,317365275,-6.97,2026-06-17 17:23:30,2026-06-17,,
815330998,495054307,1781717010,1781717010660,0,1,0,495052651,4,0.01,4350.0,0.0,0.0,-3.57,0.0,GOLD,[sl 4349.94],,317365275,-3.57,2026-06-17 17:23:30,2026-06-17,,
815331180,495054437,1781717010,1781717010775,0,1,0,495042617,4,0.01,4350.26,0.0,0.0,-5.07,0.0,GOLD,[sl 4350.07],,317365275,-5.07,2026-06-17 17:23:30,2026-06-17,,
815357506,495078546,1781717869,1781717869417,0,1,0,495057432,1,0.01,4352.83,0.0,0.0,1.3,0.0,GOLD,,"102,3012199930",317365275,1.3,2026-06-17 17:37:49,2026-06-17,,
815357972,495078984,1781717880,1781717880017,0,1,0,495056830,1,0.01,4352.56,0.0,0.0,0.09,0.0,GOLD,,"102,3012202215",317365275,0.09,2026-06-17 17:38:00,2026-06-17,,
815358151,495079154,1781717886,1781717886877,0,1,0,495058493,1,0.01,4352.62,0.0,0.0,3.72,0.0,GOLD,,"102,3012203662",317365275,3.72,2026-06-17 17:38:06,2026-06-17,,
815361980,495082850,1781718084,1781718084826,0,1,0,495061694,1,0.01,4349.91,0.0,0.0,7.4,0.0,GOLD,,"102,3012229280",317365275,7.4,2026-06-17 17:41:24,2026-06-17,,
815363096,495083882,1781718121,1781718121179,0,1,0,495068756,1,0.01,4348.97,0.0,0.0,14.26,0.0,GOLD,,"102,3012236075",317365275,14.26,2026-06-17 17:42:01,2026-06-17,,
815381366,495100782,1781718851,1781718851682,0,1,0,495099675,1,0.01,4347.64,0.0,0.0,2.33,0.0,GOLD,,"102,3012349326",317365275,2.33,2026-06-17 17:54:11,2026-06-17,,
815422426,495139553,1781722837,1781722837123,0,1,0,495119526,4,0.01,4365.39,0.0,0.0,-6.44,0.0,GOLD,[sl 4365.28],,317365275,-6.44,2026-06-17 19:00:37,2026-06-17,,
815462583,495177751,1781728413,1781728413235,0,1,0,495136879,4,0.01,4367.21,0.0,0.0,-3.89,0.0,GOLD,[sl 4367.11],,317365275,-3.89,2026-06-17 20:33:33,2026-06-17,,
815502750,495214213,1781730157,1781730157672,0,1,0,495182189,1,0.01,4337.63,0.0,0.0,39.6,0.0,GOLD,,"102,3013074369",317365275,39.6,2026-06-17 21:02:37,2026-06-17,,
815749547,495441620,1781761690,1781761690804,0,1,0,495440255,1,0.01,4315.77,0.0,0.0,2.07,0.0,GOLD,,"102,3014757204",317365275,2.07,2026-06-18 05:48:10,2026-06-18,,
815755408,495447309,1781762568,1781762568027,0,1,0,495379032,1,0.01,4310.49,0.0,0.0,15.07,0.0,GOLD,,"102,3014794326",317365275,15.07,2026-06-18 06:02:48,2026-06-18,,
815809715,495499812,1781772200,1781772200597,0,1,0,495453535,1,0.01,4313.96,0.0,0.0,0.5,0.0,GOLD,,"102,3015141944",317365275,0.5,2026-06-18 08:43:20,2026-06-18,,
815810536,495500598,1781772262,1781772262061,0,1,0,495485660,1,0.01,4313.14,0.0,0.0,6.42,0.0,GOLD,,"102,3015148283",317365275,6.42,2026-06-18 08:44:22,2026-06-18,,
815879693,495566489,1781780473,1781780473502,0,1,0,495403156,1,0.01,4287.41,0.0,0.0,42.19,0.0,GOLD,,"102,3015609109",317365275,42.19,2026-06-18 11:01:13,2026-06-18,,
815936332,495619497,1781785093,1781785093114,1,1,0,495610951,1,0.01,4270.99,0.0,0.0,2.16,0.0,GOLD,,"102,3015975112",317365275,2.16,2026-06-18 12:18:13,2026-06-18,,
815938500,495621609,1781785297,1781785297483,1,1,0,495615330,1,0.01,4270.74,0.0,0.0,5.51,0.0,GOLD,,"102,3015990367",317365275,5.51,2026-06-18 12:21:37,2026-06-18,,
815987041,495667682,1781791277,1781791277674,1,1,0,495543206,4,0.01,4251.62,0.0,0.0,-5.82,0.0,GOLD,[sl 4251.67],,317365275,-5.82,2026-06-18 14:01:17,2026-06-18,,
816019456,495698163,1781794248,1781794248286,1,1,0,495686069,4,0.01,4240.14,0.0,0.0,-8.57,0.0,GOLD,[sl 4240.26],,317365275,-8.57,2026-06-18 14:50:48,2026-06-18,,
816069111,495744875,1781798286,1781798286505,1,1,0,495739236,1,0.01,4245.76,0.0,0.0,1.18,0.0,GOLD,,"102,3016886341",317365275,1.18,2026-06-18 15:58:06,2026-06-18,,
816315350,495976584,1781823926,1781823926276,1,1,0,495873684,1,0.01,4216.77,0.0,0.0,7.12,0.0,GOLD,,"102,3018576053",317365275,7.12,2026-06-18 23:05:26,2026-06-18,,
816315360,495976592,1781823930,1781823930377,1,1,0,495925866,1,0.01,4216.82,0.0,0.0,-2.15,0.0,GOLD,,"102,3018576097",317365275,-2.15,2026-06-18 23:05:30,2026-06-18,,
816374534,496030902,1781845671,1781845671123,1,1,0,495874012,4,0.01,4180.83,0.0,-0.93,-22.86,0.0,GOLD,[sl 4181.24],,317365275,-23.79,2026-06-19 05:07:51,2026-06-19,,
816398909,496053715,1781849173,1781849173925,1,1,0,495917821,6,0.01,4166.29,0.0,0.0,-25.34,0.0,GOLD,[so 19.80%/4.14/20.91],,317365275,-25.34,2026-06-19 06:06:13,2026-06-19,,
816402270,496056878,1781849698,1781849698394,1,1,0,496018775,6,0.01,4166.02,0.0,0.0,-20.81,0.0,GOLD,[so 18.30%/3.06/16.72],,317365275,-20.81,2026-06-19 06:14:58,2026-06-19,,
816402576,496057162,1781849720,1781849720754,1,1,0,496033645,6,0.01,4165.79,0.0,0.0,-17.92,0.0,GOLD,[so 18.91%/2.37/12.53],,317365275,-17.92,2026-06-19 06:15:20,2026-06-19,,
816402979,496057535,1781849768,1781849768128,1,1,0,496020774,6,0.01,4165.34,0.0,0.0,-10.41,0.0,GOLD,[so 17.60%/1.47/8.35],,317365275,-10.41,2026-06-19 06:16:08,2026-06-19,,
816408111,496062402,1781850699,1781850699479,1,1,0,495917997,6,0.01,4164.56,0.0,0.0,-7.7,0.0,GOLD,[so 16.55%/0.69/4.17],,317365275,-7.7,2026-06-19 06:31:39,2026-06-19,,
816429494,496082058,1781852565,1781852565162,1,1,0,496073318,1,0.01,4147.34,0.0,0.0,0.16,0.0,GOLD,,"102,3019321222",317365275,0.16,2026-06-19 07:02:45,2026-06-19,,
816443229,496094918,1781854359,1781854359632,1,1,0,496073440,1,0.01,4145.88,0.0,0.0,0.74,0.0,GOLD,,"102,3019410082",317365275,0.74,2026-06-19 07:32:39,2026-06-19,,
816462391,496112503,1781856001,1781856001361,1,1,0,496073396,6,0.01,4123.65,0.0,0.0,-23.53,0.0,GOLD,[so 4.67%/0.58/12.42],,317365275,-23.53,2026-06-19 08:00:01,2026-06-19,,
816462415,496112520,1781856001,1781856001399,1,1,0,496101414,6,0.01,4123.28,0.0,0.0,-15.16,0.0,GOLD,[so 7.01%/0.58/8.27],,317365275,-15.16,2026-06-19 08:00:01,2026-06-19,,
816462447,496112552,1781856001,1781856001434,1,1,0,496096848,6,0.01,4123.28,0.0,0.0,-8.54,0.0,GOLD,[so -3.87%/-0.16/4.13],,317365275,-8.54,2026-06-19 08:00:01,2026-06-19,,
816629300,496269684,1781876276,1781876276170,1,1,0,496255103,4,0.03,4150.33,0.0,0.0,-9.51,0.0,GOLD,[sl 4150.33],,317365275,-9.51,2026-06-19 13:37:56,2026-06-19,,
816692910,496330028,1781884081,1781884081822,1,1,0,496324483,4,0.01,4147.04,0.0,0.0,-3.66,0.0,GOLD,[sl 4147.04],,317365275,-3.66,2026-06-19 15:48:01,2026-06-19,,
816697160,496334005,1781884269,1781884269698,1,1,0,496330243,1,0.01,4160.4,0.0,0.0,10.91,0.0,GOLD,,"102,3021083643",317365275,10.91,2026-06-19 15:51:09,2026-06-19,,
816699357,496335994,1781884302,1781884302332,1,1,0,496287430,1,0.01,4163.94,0.0,0.0,17.86,0.0,GOLD,,"102,3021095022",317365275,17.86,2026-06-19 15:51:42,2026-06-19,,
816705008,496341114,1781884477,1781884477883,1,1,0,496287430,1,0.01,4173.58,0.0,0.0,27.5,0.0,GOLD,,"102,3021132033",317365275,27.5,2026-06-19 15:54:37,2026-06-19,,
816769698,496401220,1781889483,1781889483525,1,1,0,496379172,4,0.01,4144.99,0.0,0.0,-4.58,0.0,GOLD,[sl 4145.10],,317365275,-4.58,2026-06-19 17:18:03,2026-06-19,,
816804823,496434440,1781894587,1781894587627,1,1,0,496407742,4,0.01,4147.48,0.0,0.0,-2.47,0.0,GOLD,[sl 4147.53],,317365275,-2.47,2026-06-19 18:43:07,2026-06-19,,
816942616,496552422,1782096449,1782096449425,1,1,0,496287430,4,0.01,4136.7,0.0,-0.93,-9.38,0.0,GOLD,[sl 4136.86],,317365275,-10.31,2026-06-22 02:47:29,2026-06-22,,
817006303,496611146,1782102711,1782102711035,1,1,0,496610058,4,0.01,4200.0,0.0,0.0,-5.01,0.0,GOLD,[sl 4200.04],,317365275,-5.01,2026-06-22 04:31:51,2026-06-22,,
817006460,496611295,1782102719,1782102719773,1,1,0,496610100,4,0.01,4199.28,0.0,0.0,-5.14,0.0,GOLD,[sl 4199.40],,317365275,-5.14,2026-06-22 04:31:59,2026-06-22,,
817021558,496625825,1782104775,1782104775970,0,1,0,496625791,1,0.01,4190.72,0.0,0.0,-0.81,0.0,GOLD,,"102,3023134538",317365275,-0.81,2026-06-22 05:06:15,2026-06-22,,
817023852,496628031,1782105083,1782105083821,1,1,0,496616350,6,0.01,4187.0,0.0,0.0,-17.16,0.0,GOLD,[so 19.12%/3.21/16.79],,317365275,-17.16,2026-06-22 05:11:23,2026-06-22,,
817024049,496628224,1782105096,1782105096224,1,1,0,496613379,6,0.01,4186.7,0.0,0.0,-13.12,0.0,GOLD,[so 18.35%/2.31/12.59],,317365275,-13.12,2026-06-22 05:11:36,2026-06-22,,
817024818,496628953,1782105203,1782105203173,1,1,0,496619968,6,0.01,4186.09,0.0,0.0,-10.16,0.0,GOLD,[so 12.99%/1.09/8.39],,317365275,-10.16,2026-06-22 05:13:23,2026-06-22,,
817025263,496629353,1782105270,1782105270475,1,1,0,496623536,6,0.01,4185.65,0.0,0.0,-5.63,0.0,GOLD,[so 15.51%/0.65/4.19],,317365275,-5.63,2026-06-22 05:14:30,2026-06-22,,
817030724,496634546,1782106185,1782106185559,1,1,0,496632737,1,0.01,4188.77,0.0,0.0,0.26,0.0,GOLD,,"102,3023199312",317365275,0.26,2026-06-22 05:29:45,2026-06-22,,
817030725,496634547,1782106185,1782106185561,1,1,0,496632751,1,0.01,4188.77,0.0,0.0,-0.24,0.0,GOLD,,"102,3023199313",317365275,-0.24,2026-06-22 05:29:45,2026-06-22,,
817033002,496636742,1782106491,1782106491422,0,1,0,496634576,1,0.01,4195.07,0.0,0.0,-6.03,0.0,GOLD,,"102,3023214998",317365275,-6.03,2026-06-22 05:34:51,2026-06-22,,
817033025,496636765,1782106491,1782106491979,0,1,0,496634581,4,0.01,4195.22,0.0,0.0,-6.19,0.0,GOLD,[sl 4195.18],,317365275,-6.19,2026-06-22 05:34:51,2026-06-22,,
817045238,496648600,1782108517,1782108517479,1,1,0,496636806,6,0.01,4184.08,0.0,0.0,-11.12,0.0,GOLD,[so 0.78%/0.13/16.77],,317365275,-11.12,2026-06-22 06:08:37,2026-06-22,,
817045291,496648633,1782108517,1782108517512,1,1,0,496636461,6,0.01,4184.08,0.0,0.0,-9.95,0.0,GOLD,[so 1.03%/0.13/12.57],,317365275,-9.95,2026-06-22 06:08:37,2026-06-22,,
817045311,496648653,1782108517,1782108517544,1,1,0,496642828,6,0.01,4183.91,0.0,0.0,-7.81,0.0,GOLD,[so 1.55%/0.13/8.38],,317365275,-7.81,2026-06-22 06:08:37,2026-06-22,,
817045347,496648684,1782108517,1782108517577,1,1,0,496645022,6,0.01,4183.91,0.0,0.0,-5.17,0.0,GOLD,[so -5.01%/-0.21/4.19],,317365275,-5.17,2026-06-22 06:08:37,2026-06-22,,
837122995,815789415,1785515947,1785515947328,1,1,0,815544145,4,0.01,4030.43,0.0,0.0,-10.09,0.0,GOLD,[sl 4030.54],,317365275,-10.09,2026-07-31 16:39:07,2026-07-31,,
837146113,815810522,1785516845,1785516845913,1,1,0,815809489,1,0.06,4026.24,0.0,0.0,3.72,0.0,GOLD,,"102,3140490456",317365275,3.72,2026-07-31 16:54:05,2026-07-31,,
837146472,815810863,1785516867,1785516867068,1,1,0,815809489,1,0.02,4027.53,0.0,0.0,3.82,0.0,GOLD,,"102,3140492910",317365275,3.82,2026-07-31 16:54:27,2026-07-31,,
837147745,815812118,1785516910,1785516910394,1,1,0,815809489,1,0.01,4028.48,0.0,0.0,2.86,0.0,GOLD,,"102,3140500302",317365275,2.86,2026-07-31 16:55:10,2026-07-31,,
837152165,815816370,1785517188,1785517188623,1,1,0,815809489,4,0.01,4025.81,0.0,0.0,0.19,0.0,GOLD,[sl 4025.83],,317365275,0.19,2026-07-31 16:59:48,2026-07-31,,
838309541,816925395,1785851252,1785851252721,1,1,0,816897572,5,0.01,4059.83,0.0,0.0,10.19,0.0,GOLD,[tp 4059.82],,317365275,10.19,2026-08-04 13:47:32,2026-08-04,,
838710381,817312552,1785903369,1785903369574,0,1,0,817301409,4,0.01,4088.86,0.0,0.0,-10.61,0.0,GOLD,[sl 4088.79],,317365275,-10.61,2026-08-05 04:16:09,2026-08-05,,
838721899,817323713,1785905101,1785905101385,0,1,0,817316133,4,0.01,4093.58,0.0,0.0,-10.72,0.0,GOLD,[sl 4093.50],,317365275,-10.72,2026-08-05 04:45:01,2026-08-05,,
839577707,818131180,1786005005,1786005005288,1,1,0,818125736,4,0.01,4247.47,0.0,0.0,-11.68,0.0,GOLD,[sl 4248.63],,317365275,-11.68,2026-08-06 08:30:05,2026-08-06,,
839634577,818185569,1786011574,1786011574391,1,1,0,818141467,1,0.01,4262.87,0.0,0.0,5.26,0.0,GOLD,,"102,3158723426",317365275,5.26,2026-08-06 10:19:34,2026-08-06,,
839634584,818185578,1786011577,1786011577791,1,1,0,818176300,1,0.01,4262.68,0.0,0.0,6.48,0.0,GOLD,,"102,3158723516",317365275,6.48,2026-08-06 10:19:37,2026-08-06,,
839634595,818185590,1786011581,1786011581687,1,1,0,818177310,1,0.01,4262.64,0.0,0.0,8.07,0.0,GOLD,,"102,3158723598",317365275,8.07,2026-08-06 10:19:41,2026-08-06,,
839679925,818229367,1786017396,1786017396251,1,1,0,818132886,1,0.01,4275.02,0.0,0.0,21.98,0.0,GOLD,,"102,3159082738",317365275,21.98,2026-08-06 11:56:36,2026-08-06,,
840661440,819146708,1786124281,1786124281767,1,1,0,818394518,1,0.02,593.89,0.0,-0.03,0.08,0.0,Facebook,,"100,175537074",317365275,0.05,2026-08-07 17:38:01,2026-08-07,,
840959537,819421111,1786348942,1786348942372,1,1,0,819389723,4,0.01,4335.12,0.0,0.0,9.81,0.0,GOLD,[sl 4335.41],,317365275,9.81,2026-08-10 08:02:22,2026-08-10,,
841292766,819741250,1786383178,1786383178917,1,1,0,818407134,1,0.07,74.32,0.0,-0.05,-0.33,0.0,Netflix,,"100,175540688",317365275,-0.38,2026-08-10 17:32:58,2026-08-10,,
841553658,819987682,1786429647,1786429647327,0,1,0,819984059,4,0.01,4420.41,0.0,0.0,-6.89,0.0,GOLD,[sl 4420.28],,317365275,-6.89,2026-08-11 06:27:27,2026-08-11,,
841573461,820006878,1786433802,1786433802788,0,1,0,819991934,1,0.01,4412.73,0.0,0.0,3.95,0.0,GOLD,,"102,3173317710",317365275,3.95,2026-08-11 07:36:42,2026-08-11,,
841584527,820017441,1786435521,1786435521525,0,1,0,819989730,1,0.01,4404.36,0.0,0.0,14.07,0.0,GOLD,,"102,3173400538",317365275,14.07,2026-08-11 08:05:21,2026-08-11,,
842201482,820607500,1786528547,1786528547305,1,1,0,820593046,5,0.01,4404.52,0.0,0.0,15.02,0.0,GOLD,[tp 4404.40],,317365275,15.02,2026-08-12 09:55:47,2026-08-12,,
842748371,821120494,1786590094,1786590094231,1,1,0,821108080,5,0.01,4417.43,0.0,0.0,15.18,0.0,GOLD,[tp 4417.37],,317365275,15.18,2026-08-13 03:01:34,2026-08-13,,
843432185,821774858,1786683153,1786683153028,1,1,0,821760733,4,0.01,4312.08,0.0,0.0,-11.05,0.0,GOLD,[sl 4312.63],,317365275,-11.05,2026-08-14 04:52:33,2026-08-14,,
843432196,821774863,1786683153,1786683153030,1,1,0,821767320,4,0.01,4312.08,0.0,0.0,-4.84,0.0,GOLD,[sl 4312.57],,317365275,-4.84,2026-08-14 04:52:33,2026-08-14,,
843433823,821776392,1786683351,1786683351778,1,1,0,821775974,1,0.03,4319.8,0.0,0.0,1.98,0.0,GOLD,,"102,3187243766",317365275,1.98,2026-08-14 04:55:51,2026-08-14,,
843439833,821782251,1786684465,1786684465826,1,1,0,821776422,4,0.01,4311.59,0.0,0.0,-8.15,0.0,GOLD,[sl 4311.70],,317365275,-8.15,2026-08-14 05:14:25,2026-08-14,,
843956923,822273000,1786937200,1786937200805,0,1,0,822257082,4,0.02,4389.54,0.0,0.0,-19.76,0.0,GOLD,[sl 4389.52],,317365275,-19.76,2026-08-17 03:26:40,2026-08-17,,
843967676,822283417,1786938637,1786938637806,1,1,0,822281401,1,0.02,4396.85,0.0,0.0,2.38,0.0,GOLD,,"102,3191288244",317365275,2.38,2026-08-17 03:50:37,2026-08-17,,
843972942,822288265,1786939220,1786939220140,1,1,0,822274706,1,0.01,4403.8,0.0,0.0,13.15,0.0,GOLD,,"102,3191324941",317365275,13.15,2026-08-17 04:00:20,2026-08-17,,
843974777,822290062,1786939316,1786939316422,1,1,0,822274706,1,0.01,4405.12,0.0,0.0,14.47,0.0,GOLD,,"102,3191341049",317365275,14.47,2026-08-17 04:01:56,2026-08-17,,
844059457,822372843,1786953518,1786953518224,1,1,0,822364830,4,0.02,4391.48,0.0,0.0,0.94,0.0,GOLD,[sl 4391.53],,317365275,0.94,2026-08-17 07:58:38,2026-08-17,,
844095411,822408454,1786959324,1786959324977,1,1,0,822389787,4,0.02,4394.41,0.0,0.0,0.42,0.0,GOLD,[sl 4394.41],,317365275,0.42,2026-08-17 09:35:24,2026-08-17,,
844606160,822933865,1787035793,1787035793550,1,1,0,822922753,4,0.02,4393.61,0.0,0.0,-21.44,0.0,GOLD,[sl 4393.67],,317365275,-21.44,2026-08-18 06:49:53,2026-08-18,,
844635512,822962714,1787041875,1787041875624,1,1,0,822930849,4,0.02,4386.46,0.0,0.0,-20.86,0.0,GOLD,[sl 4386.57],,317365275,-20.86,2026-08-18 08:31:15,2026-08-18,,
844635516,822962720,1787041875,1787041875625,1,1,0,822940957,4,0.02,4386.46,0.0,0.0,-12.34,0.0,GOLD,[sl 4386.51],,317365275,-12.34,2026-08-18 08:31:15,2026-08-18,,
844662188,822988707,1787045340,1787045340522,1,1,0,822968657,1,0.02,4398.8,0.0,0.0,10.68,0.0,GOLD,,"102,3196793108",317365275,10.68,2026-08-18 09:29:00,2026-08-18,,
844678804,823005258,1787048897,1787048897147,1,1,0,822968381,1,0.01,4401.48,0.0,0.0,9.55,0.0,GOLD,,"102,3196930746",317365275,9.55,2026-08-18 10:28:17,2026-08-18,,
844721320,823046350,1787053241,1787053241275,1,1,0,822968381,1,0.01,4396.95,0.0,0.0,5.02,0.0,GOLD,,"102,3197236998",317365275,5.02,2026-08-18 11:40:41,2026-08-18,,
844721702,823046730,1787053302,1787053302495,1,1,0,822967762,1,0.01,4397.22,0.0,0.0,6.55,0.0,GOLD,,"102,3197239703",317365275,6.55,2026-08-18 11:41:42,2026-08-18,,
844806806,823130600,1787066634,1787066634592,1,1,0,822967762,1,0.01,4397.22,0.0,0.0,6.55,0.0,GOLD,,"102,3197892148",317365275,6.55,2026-08-18 15:23:54,2026-08-18,,
844852170,823175295,1787070617,1787070617573,1,1,0,823037838,4,0.02,4386.23,0.0,0.0,-4.48,0.0,GOLD,[sl 4384.35],,317365275,-4.48,2026-08-18 16:30:17,2026-08-18,,
844861860,823183564,1787070721,1787070721268,1,1,0,823182271,1,0.01,4392.5,0.0,0.0,1.82,0.0,GOLD,,"102,3198266894",317365275,1.82,2026-08-18 16:32:01,2026-08-18,,
844868726,823190080,1787070937,1787070937041,1,1,0,823182235,1,0.01,4399.05,0.0,0.0,8.92,0.0,GOLD,,"102,3198321275",317365275,8.92,2026-08-18 16:35:37,2026-08-18,,
844872730,823193819,1787071083,1787071083067,1,1,0,823182195,1,0.01,4400.5,0.0,0.0,11.05,0.0,GOLD,,"102,3198351397",317365275,11.05,2026-08-18 16:38:03,2026-08-18,,
845010941,823325471,1787078311,1787078311689,1,1,0,823312197,1,0.01,4359.46,0.0,0.0,3.21,0.0,GOLD,,"102,3199324901",317365275,3.21,2026-08-18 18:38:31,2026-08-18,,
845011392,823325914,1787078356,1787078356255,1,1,0,823312197,1,0.01,4361.32,0.0,0.0,5.07,0.0,GOLD,,"102,3199328287",317365275,5.07,2026-08-18 18:39:16,2026-08-18,,
845129312,823439216,1787109244,1787109244571,1,1,0,823432906,5,0.02,4344.59,0.0,0.0,20.3,0.0,GOLD,[tp 4344.52],,317365275,20.3,2026-08-19 03:14:04,2026-08-19,,
845150087,823459305,1787112497,1787112497868,1,1,0,823437219,1,0.01,4337.65,0.0,0.0,7.32,0.0,GOLD,,"102,3200436255",317365275,7.32,2026-08-19 04:08:17,2026-08-19,,
845158814,823467873,1787113845,1787113845600,1,1,0,823437219,1,0.01,4344.67,0.0,0.0,14.34,0.0,GOLD,,"102,3200514059",317365275,14.34,2026-08-19 04:30:45,2026-08-19,,
845865189,824146299,1787203930,1787203930176,1,1,0,824143742,4,0.02,4492.0,0.0,0.0,0.98,0.0,GOLD,[sl 4492.06],,317365275,0.98,2026-08-20 05:32:10,2026-08-20,,
845883646,824164519,1787209298,1787209298337,1,1,0,824150218,1,0.01,4498.2,0.0,0.0,6.46,0.0,GOLD,,"102,3206040928",317365275,6.46,2026-08-20 07:01:38,2026-08-20,,
845888847,824169649,1787210910,1787210910223,1,1,0,824150218,4,0.01,4492.11,0.0,0.0,0.37,0.0,GOLD,[sl 4492.11],,317365275,0.37,2026-08-20 07:28:30,2026-08-20,,
845941176,824221468,1787219425,1787219425091,1,1,0,824211383,4,0.01,4490.91,0.0,0.0,-3.84,0.0,GOLD,[sl 4491.13],,317365275,-3.84,2026-08-20 09:50:25,2026-08-20,,
846014931,824294918,1787230421,1787230421327,1,1,0,824249739,4,0.02,4482.56,0.0,0.0,-21.08,0.0,GOLD,[sl 4482.61],,317365275,-21.08,2026-08-20 12:53:41,2026-08-20,,
846033445,824313024,1787232680,1787232680019,1,1,0,824299535,1,0.02,4493.97,0.0,0.0,20.28,0.0,GOLD,,"102,3207214766",317365275,20.28,2026-08-20 13:31:20,2026-08-20,,
846129103,824405202,1787240922,1787240922419,1,1,0,824401441,1,0.01,4469.98,0.0,0.0,3.96,0.0,GOLD,,"102,3207958413",317365275,3.96,2026-08-20 15:48:42,2026-08-20,,
846147349,824422886,1787242121,1787242121777,1,1,0,824401441,4,0.01,4475.44,0.0,0.0,9.42,0.0,GOLD,[sl 4475.45],,317365275,9.42,2026-08-20 16:08:41,2026-08-20,,
847103883,825333873,1787542003,1787542003324,1,1,0,825332661,4,0.02,4599.3,0.0,0.0,-21.82,0.0,GOLD,[sl 4599.78],,317365275,-21.82,2026-08-24 03:26:43,2026-08-24,,
847157069,825385043,1787547890,1787547890675,0,1,0,825334077,6,0.02,4638.69,0.0,0.0,-76.82,0.0,GOLD,[so 19.69%/7.27/36.92],,317365275,-76.82,2026-08-24 05:04:50,2026-08-24,,
847157140,825385108,1787547893,1787547893823,0,1,0,825337103,6,0.02,4639.0,0.0,0.0,-62.62,0.0,GOLD,[so 19.52%/5.41/27.72],,317365275,-62.62,2026-08-24 05:04:53,2026-08-24,,
847158338,825386233,1787548118,1787548118924,0,1,0,825349492,6,0.02,4639.53,0.0,0.0,-37.52,0.0,GOLD,[so 17.78%/3.29/18.50],,317365275,-37.52,2026-08-24 05:08:38,2026-08-24,,
847158497,825386377,1787548130,1787548130224,0,1,0,825382559,6,0.02,4640.31,0.0,0.0,-19.12,0.0,GOLD,[so 18.68%/1.73/9.26],,317365275,-19.12,2026-08-24 05:08:50,2026-08-24,,
847213619,825439335,1787555008,1787555008926,0,1,0,825438788,6,0.01,4642.26,0.0,0.0,-4.53,0.0,GOLD,[so 9.59%/0.89/9.28],,317365275,-4.53,2026-08-24 07:03:28,2026-08-24,,
847213622,825439336,1787555008,1787555008957,0,1,0,825437666,6,0.01,4642.26,0.0,0.0,-1.71,0.0,GOLD,[so 19.18%/0.89/4.64],,317365275,-1.71,2026-08-24 07:03:28,2026-08-24,,
847644220,825858727,1787597356,1787597356354,0,1,0,825663746,5,0.01,4646.1,0.0,0.0,7.61,0.0,GOLD,[tp 4646.34],,317365275,7.61,2026-08-24 18:49:16,2026-08-24,,
847644236,825858730,1787597356,1787597356358,0,1,0,825719250,5,0.01,4646.1,0.0,0.0,20.47,0.0,GOLD,[tp 4646.40],,317365275,20.47,2026-08-24 18:49:16,2026-08-24,,
847871792,826076845,1787637096,1787637096135,1,1,0,826068324,4,0.01,4622.86,0.0,0.0,-23.09,0.0,GOLD,[sl 4623.55],,317365275,-23.09,2026-08-25 05:51:36,2026-08-25,,
847878509,826082891,1787637593,1787637593233,1,1,0,826081396,1,0.01,4627.81,0.0,0.0,3.89,0.0,GOLD,,"102,3221445561",317365275,3.89,2026-08-25 05:59:53,2026-08-25,,
847882131,826086403,1787637925,1787637925364,1,1,0,826086003,1,0.01,4627.69,0.0,0.0,3.85,0.0,GOLD,,"102,3221472742",317365275,3.85,2026-08-25 06:05:25,2026-08-25,,
847883384,826087601,1787638038,1787638038082,1,1,0,826071462,1,0.01,4633.59,0.0,0.0,-0.41,0.0,GOLD,,"102,3221483542",317365275,-0.41,2026-08-25 06:07:18,2026-08-25,,
847884033,826088215,1787638080,1787638080805,1,1,0,826071894,1,0.01,4635.43,0.0,0.0,3.54,0.0,GOLD,,"102,3221488007",317365275,3.54,2026-08-25 06:08:00,2026-08-25,,
847884100,826088279,1787638086,1787638086002,1,1,0,826077764,1,0.01,4634.71,0.0,0.0,13.25,0.0,GOLD,,"102,3221488686",317365275,13.25,2026-08-25 06:08:06,2026-08-25,,
847892473,826096454,1787639841,1787639841882,1,1,0,826077677,1,0.01,4641.08,0.0,0.0,19.67,0.0,GOLD,,"102,3221561864",317365275,19.67,2026-08-25 06:37:21,2026-08-25,,
847922092,826125311,1787645757,1787645757175,1,1,0,826106157,5,0.01,4640.21,0.0,0.0,5.14,0.0,GOLD,[tp 4640.06],,317365275,5.14,2026-08-25 08:15:57,2026-08-25,,
847922096,826125316,1787645757,1787645757177,1,1,0,826111189,5,0.01,4640.21,0.0,0.0,11.29,0.0,GOLD,[tp 4640.01],,317365275,11.29,2026-08-25 08:15:57,2026-08-25,,
847926250,826129202,1787646232,1787646232021,1,1,0,826113763,1,0.01,4643.53,0.0,0.0,18.3,0.0,GOLD,,"102,3221846357",317365275,18.3,2026-08-25 08:23:52,2026-08-25,,
848056147,826256230,1787661778,1787661778072,1,1,0,826247088,1,0.01,4635.17,0.0,0.0,7.62,0.0,GOLD,,"102,3222918753",317365275,7.62,2026-08-25 12:42:58,2026-08-25,,
848418959,826608137,1787714633,1787714633104,0,1,0,826601639,1,0.01,4645.9,0.0,0.0,8.45,0.0,GOLD,,"102,3225796185",317365275,8.45,2026-08-26 03:23:53,2026-08-26,,
848589868,826775649,1787742443,1787742443753,0,1,0,826755263,1,0.01,4627.11,0.0,0.0,11.22,0.0,GOLD,,"102,3227232489",317365275,11.22,2026-08-26 11:07:23,2026-08-26,,
848746779,826929229,1787760223,1787760223625,1,1,0,826924642,4,0.01,4614.84,0.0,0.0,1.73,0.0,GOLD,[sl 4614.85],,317365275,1.73,2026-08-26 16:03:43,2026-08-26,,
848820276,827001528,1787764941,1787764941748,1,1,0,827000597,1,0.01,4625.38,0.0,0.0,0.5,0.0,GOLD,,"102,3229063069",317365275,0.5,2026-08-26 17:22:21,2026-08-26,,
848830334,827011487,1787765777,1787765777277,1,1,0,827007208,4,0.01,4617.07,0.0,0.0,0.18,0.0,GOLD,[sl 4617.10],,317365275,0.18,2026-08-26 17:36:17,2026-08-26,,
848833022,827014065,1787765955,1787765955503,1,1,0,827013220,1,0.01,4616.7,0.0,0.0,0.5,0.0,GOLD,,"102,3229161314",317365275,0.5,2026-08-26 17:39:15,2026-08-26,,
849017793,827190734,1787802352,1787802352490,0,1,0,827185003,1,0.01,4607.61,0.0,0.0,10.45,0.0,GOLD,,"102,3230668897",317365275,10.45,2026-08-27 03:45:52,2026-08-27,,
849019830,827192634,1787802728,1787802728672,0,1,0,827184914,1,0.01,4604.97,0.0,0.0,14.51,0.0,GOLD,,"102,3230687948",317365275,14.51,2026-08-27 03:52:08,2026-08-27,,
849192080,827358460,1787828957,1787828957573,1,1,0,827352648,4,0.01,4603.39,0.0,0.0,1.1,0.0,GOLD,[sl 4603.61],,317365275,1.1,2026-08-27 11:09:17,2026-08-27,,
849290719,827451455,1787841749,1787841749740,1,1,0,827415733,1,0.01,4598.24,0.0,0.0,16.43,0.0,GOLD,,"102,3232976152",317365275,16.43,2026-08-27 14:42:29,2026-08-27,,
849318763,827478520,1787845101,1787845101527,0,1,0,827467148,1,0.01,4589.73,0.0,0.0,4.38,0.0,GOLD,,"102,3233213862",317365275,4.38,2026-08-27 15:38:21,2026-08-27,,
849324874,827484451,1787845629,1787845629441,0,1,0,827467250,1,0.01,4586.1,0.0,0.0,11.58,0.0,GOLD,,"102,3233264285",317365275,11.58,2026-08-27 15:47:09,2026-08-27,,
849590631,827737228,1787891422,1787891422635,1,1,0,827728870,1,0.01,4583.97,0.0,0.0,-17.49,0.0,GOLD,,"102,3235499669",317365275,-17.49,2026-08-28 04:30:22,2026-08-28,,
849590660,827737253,1787891425,1787891425876,1,1,0,827729806,1,0.01,4584.66,0.0,0.0,-12.55,0.0,GOLD,,"102,3235499903",317365275,-12.55,2026-08-28 04:30:25,2026-08-28,,
849590696,827737283,1787891430,1787891430037,1,1,0,827733865,1,0.01,4586.54,0.0,0.0,-3.43,0.0,GOLD,,"102,3235500181",317365275,-3.43,2026-08-28 04:30:30,2026-08-28,,
849590770,827737359,1787891434,1787891434939,1,1,0,827733899,1,0.01,4587.32,0.0,0.0,-0.87,0.0,GOLD,,"102,3235500903",317365275,-0.87,2026-08-28 04:30:34,2026-08-28,,
849598329,827744459,1787892496,1787892496139,0,1,0,827736003,1,0.01,4579.53,0.0,0.0,4.31,0.0,GOLD,,"102,3235560804",317365275,4.31,2026-08-28 04:48:16,2026-08-28,,
849600562,827746575,1787892866,1787892866163,0,1,0,827737121,1,0.01,4577.36,0.0,0.0,8.39,0.0,GOLD,,"102,3235579878",317365275,8.39,2026-08-28 04:54:26,2026-08-28,,
849611816,827757580,1787895539,1787895539832,0,1,0,827754276,4,0.01,4589.3,0.0,0.0,-6.13,0.0,GOLD,[sl 4589.27],,317365275,-6.13,2026-08-28 05:38:59,2026-08-28,,
849611822,827757584,1787895539,1787895539834,0,1,0,827755759,4,0.01,4589.3,0.0,0.0,-3.3,0.0,GOLD,[sl 4589.30],,317365275,-3.3,2026-08-28 05:38:59,2026-08-28,,
849623933,827769511,1787898935,1787898935738,0,1,0,827765200,1,0.01,4583.79,0.0,0.0,0.2,0.0,GOLD,,"102,3235806897",317365275,0.2,2026-08-28 06:35:35,2026-08-28,,
849627873,827773319,1787899923,1787899923181,0,1,0,827758449,1,0.01,4580.57,0.0,0.0,4.92,0.0,GOLD,,"102,3235841153",317365275,4.92,2026-08-28 06:52:03,2026-08-28,,
849627896,827773343,1787899942,1787899942669,0,1,0,827758245,1,0.01,4580.53,0.0,0.0,6.48,0.0,GOLD,,"102,3235841432",317365275,6.48,2026-08-28 06:52:22,2026-08-28,,
849627915,827773363,1787899955,1787899955226,0,1,0,827765717,1,0.01,4580.66,0.0,0.0,7.03,0.0,GOLD,,"102,3235841602",317365275,7.03,2026-08-28 06:52:35,2026-08-28,,
849632510,827777889,1787901511,1787901511628,0,1,0,827737549,1,0.01,4582.33,0.0,0.0,6.41,0.0,GOLD,,"102,3235883444",317365275,6.41,2026-08-28 07:18:31,2026-08-28,,
849656036,827800824,1787906356,1787906356824,1,1,0,827777805,4,0.01,4574.66,0.0,0.0,-7.74,0.0,GOLD,[sl 4574.67],,317365275,-7.74,2026-08-28 08:39:16,2026-08-28,,
849656040,827800828,1787906356,1787906356825,1,1,0,827782038,4,0.01,4574.66,0.0,0.0,-4.86,0.0,GOLD,[sl 4574.72],,317365275,-4.86,2026-08-28 08:39:16,2026-08-28,,
849658301,827803017,1787906580,1787906580126,1,1,0,827801920,4,0.01,4573.36,0.0,0.0,-3.07,0.0,GOLD,[sl 4573.36],,317365275,-3.07,2026-08-28 08:43:00,2026-08-28,,
849658315,827803032,1787906580,1787906580574,1,1,0,827801908,4,0.01,4573.33,0.0,0.0,-2.98,0.0,GOLD,[sl 4573.33],,317365275,-2.98,2026-08-28 08:43:00,2026-08-28,,
849678645,827822941,1787909730,1787909730372,0,1,0,827804294,1,0.01,4586.09,0.0,0.0,-14.09,0.0,GOLD,,"102,3236273464",317365275,-14.09,2026-08-28 09:35:30,2026-08-28,,
849678647,827822945,1787909730,1787909730383,0,1,0,827811743,1,0.01,4586.09,0.0,0.0,-8.88,0.0,GOLD,,"102,3236273467",317365275,-8.88,2026-08-28 09:35:30,2026-08-28,,
849678648,827822947,1787909730,1787909730384,0,1,0,827814874,1,0.01,4586.09,0.0,0.0,-4.49,0.0,GOLD,,"102,3236273468",317365275,-4.49,2026-08-28 09:35:30,2026-08-28,,
849678649,827822949,1787909730,1787909730386,0,1,0,827821858,1,0.01,4586.09,0.0,0.0,-1.85,0.0,GOLD,,"102,3236273469",317365275,-1.85,2026-08-28 09:35:30,2026-08-28,,
849678650,827822943,1787909730,1787909730387,0,1,0,827804434,1,0.01,4586.09,0.0,0.0,-13.2,0.0,GOLD,,"102,3236273470",317365275,-13.2,2026-08-28 09:35:30,2026-08-28,,
849678651,827822948,1787909730,1787909730389,0,1,0,827816057,1,0.01,4586.09,0.0,0.0,-3.48,0.0,GOLD,,"102,3236273471",317365275,-3.48,2026-08-28 09:35:30,2026-08-28,,
849678652,827822944,1787909730,1787909730391,0,1,0,827805910,1,0.01,4586.09,0.0,0.0,-11.75,0.0,GOLD,,"102,3236273472",317365275,-11.75,2026-08-28 09:35:30,2026-08-28,,
849678653,827822946,1787909730,1787909730393,0,1,0,827813706,1,0.01,4586.09,0.0,0.0,-6.59,0.0,GOLD,,"102,3236273473",317365275,-6.59,2026-08-28 09:35:30,2026-08-28,,
849688668,827832198,1787910581,1787910581775,1,1,0,827826878,1,0.01,4598.25,0.0,0.0,8.87,0.0,GOLD,,"102,3236346015",317365275,8.87,2026-08-28 09:49:41,2026-08-28,,
849691441,827834788,1787910699,1787910699774,1,1,0,827823644,1,0.01,4599.54,0.0,0.0,11.56,0.0,GOLD,,"102,3236367800",317365275,11.56,2026-08-28 09:51:39,2026-08-28,,
849694105,827837221,1787910774,1787910774299,1,1,0,827823357,1,0.01,4605.05,0.0,0.0,17.8,0.0,GOLD,,"102,3236385419",317365275,17.8,2026-08-28 09:52:54,2026-08-28,,
849702184,827844589,1787911241,1787911241044,1,1,0,827823043,1,0.01,4610.39,0.0,0.0,24.28,0.0,GOLD,,"102,3236446279",317365275,24.28,2026-08-28 10:00:41,2026-08-28,,
849745053,827885428,1787917238,1787917238125,1,1,0,827881509,4,0.01,4605.88,0.0,0.0,-5.09,0.0,GOLD,[sl 4606.07],,317365275,-5.09,2026-08-28 11:40:38,2026-08-28,,
849794619,827933334,1787926012,1787926012424,1,1,0,827854932,4,0.01,4595.89,0.0,0.0,-6.62,0.0,GOLD,[sl 4595.90],,317365275,-6.62,2026-08-28 14:06:52,2026-08-28,,
849794641,827933353,1787926012,1787926012626,1,1,0,827889686,4,0.01,4595.83,0.0,0.0,-3.26,0.0,GOLD,[sl 4595.86],,317365275,-3.26,2026-08-28 14:06:52,2026-08-28,,
849794644,827933356,1787926012,1787926012627,1,1,0,827904884,4,0.01,4595.83,0.0,0.0,-8.81,0.0,GOLD,[sl 4595.86],,317365275,-8.81,2026-08-28 14:06:52,2026-08-28,,
849806754,827944974,1787927976,1787927976278,1,1,0,827937293,4,0.01,4594.23,0.0,0.0,-5.58,0.0,GOLD,[sl 4594.31],,317365275,-5.58,2026-08-28 14:39:36,2026-08-28,,
849806759,827944978,1787927976,1787927976280,1,1,0,827937296,4,0.01,4594.23,0.0,0.0,-5.58,0.0,GOLD,[sl 4594.31],,317365275,-5.58,2026-08-28 14:39:36,2026-08-28,,
849835359,827972590,1787931336,1787931336926,1,1,0,827967151,4,0.01,4591.59,0.0,0.0,-10.68,0.0,GOLD,[sl 4591.59],,317365275,-10.68,2026-08-28 15:35:36,2026-08-28,,
849836043,827973235,1787931362,1787931362185,1,1,0,827971474,4,0.01,4589.96,0.0,0.0,-4.39,0.0,GOLD,[sl 4589.96],,317365275,-4.39,2026-08-28 15:36:02,2026-08-28,,
849836395,827973580,1787931372,1787931372823,1,1,0,827967594,4,0.01,4589.93,0.0,0.0,-8.81,0.0,GOLD,[sl 4589.93],,317365275,-8.81,2026-08-28 15:36:12,2026-08-28,,
849836407,827973590,1787931372,1787931372926,1,1,0,827949067,4,0.01,4589.64,0.0,0.0,-6.17,0.0,GOLD,[sl 4589.91],,317365275,-6.17,2026-08-28 15:36:12,2026-08-28,,
849836413,827973598,1787931372,1787931372928,1,1,0,827972429,4,0.01,4589.64,0.0,0.0,-3.76,0.0,GOLD,[sl 4589.90],,317365275,-3.76,2026-08-28 15:36:12,2026-08-28,,
849841065,827978050,1787931839,1787931839147,1,1,0,827975837,1,0.01,4591.01,0.0,0.0,-0.1,0.0,GOLD,,"102,3237635909",317365275,-0.1,2026-08-28 15:43:59,2026-08-28,,
849867166,828002964,1787934315,1787934315318,1,1,0,827988193,1,0.01,4602.49,0.0,0.0,2.02,0.0,GOLD,,"102,3237858977",317365275,2.02,2026-08-28 16:25:15,2026-08-28,,
849867536,828003307,1787934331,1787934331620,1,1,0,827989249,1,0.01,4601.88,0.0,0.0,3.18,0.0,GOLD,,"102,3237862130",317365275,3.18,2026-08-28 16:25:31,2026-08-28,,
849867697,828003468,1787934347,1787934347750,1,1,0,827999573,1,0.01,4601.45,0.0,0.0,4.97,0.0,GOLD,,"102,3237863837",317365275,4.97,2026-08-28 16:25:47,2026-08-28,,
849870547,828006153,1787934643,1787934643603,1,1,0,827975852,1,0.01,4601.92,0.0,0.0,10.56,0.0,GOLD,,"102,3237888873",317365275,10.56,2026-08-28 16:30:43,2026-08-28,,
849898471,828032393,1787936308,1787936308837,1,1,0,828029121,1,0.01,4622.27,0.0,0.0,3.82,0.0,GOLD,,"102,3238086781",317365275,3.82,2026-08-28 16:58:28,2026-08-28,,
849904090,828037600,1787936396,1787936396999,1,1,0,827975860,4,0.01,4613.08,0.0,0.0,21.91,0.0,GOLD,[sl 4613.86],,317365275,21.91,2026-08-28 16:59:56,2026-08-28,,
849919854,828051700,1787936536,1787936536826,1,1,0,828046766,6,0.01,4591.37,0.0,0.0,-25.88,0.0,GOLD,[so 18.71%/3.45/18.44],,317365275,-25.88,2026-08-28 17:02:16,2026-08-28,,
849919883,828051721,1787936536,1787936536921,1,1,0,828046669,6,0.01,4591.01,0.0,0.0,-22.08,0.0,GOLD,[so 17.15%/2.37/13.82],,317365275,-22.08,2026-08-28 17:02:16,2026-08-28,,
849919942,828051764,1787936537,1787936537277,1,1,0,828047129,6,0.01,4590.7,0.0,0.0,-18.81,0.0,GOLD,[so 19.00%/1.75/9.21],,317365275,-18.81,2026-08-28 17:02:17,2026-08-28,,
849920476,828052204,1787936543,1787936543342,1,1,0,828051215,6,0.01,4588.81,0.0,0.0,-10.11,0.0,GOLD,[so -3.04%/-0.14/4.60],,317365275,-10.11,2026-08-28 17:02:23,2026-08-28,,
850352274,828445415,1788147527,1788147527041,1,1,0,828407383,1,0.01,4469.86,0.0,0.0,12.28,0.0,GOLD,,"102,3241567015",317365275,12.28,2026-08-31 03:38:47,2026-08-31,,
850356489,828449426,1788148193,1788148193443,1,1,0,828421510,1,0.01,4466.15,0.0,0.0,21.63,0.0,GOLD,,"102,3241598853",317365275,21.63,2026-08-31 03:49:53,2026-08-31,,
850424621,828513238,1788154555,1788154555324,1,1,0,828461859,6,0.01,4408.84,0.0,0.0,-39.61,0.0,GOLD,[so 16.09%/2.14/13.30],,317365275,-39.61,2026-08-31 05:35:55,2026-08-31,,
850424684,828513290,1788154555,1788154555781,1,1,0,828475628,6,0.01,4408.54,0.0,0.0,-21.22,0.0,GOLD,[so 17.40%/1.54/8.85],,317365275,-21.22,2026-08-31 05:35:55,2026-08-31,,
850424813,828513399,1788154556,1788154556846,1,1,0,828500958,6,0.01,4406.74,0.0,0.0,-18.46,0.0,GOLD,[so -5.87%/-0.26/4.43],,317365275,-18.46,2026-08-31 05:35:56,2026-08-31,,
850439613,828527023,1788155545,1788155545979,1,1,0,828519113,1,0.01,4413.98,0.0,0.0,9.65,0.0,GOLD,,"102,3242207017",317365275,9.65,2026-08-31 05:52:25,2026-08-31,,
850468172,828553938,1788159615,1788159615303,0,1,0,828550570,1,0.01,4421.57,0.0,0.0,1.38,0.0,GOLD,,"102,3242421664",317365275,1.38,2026-08-31 07:00:15,2026-08-31,,
850476508,828561985,1788161165,1788161165260,0,1,0,828545212,1,0.01,4419.69,0.0,0.0,6.28,0.0,GOLD,,"102,3242490034",317365275,6.28,2026-08-31 07:26:05,2026-08-31,,
850501034,828585377,1788164724,1788164724587,1,1,0,828567820,1,0.01,4433.24,0.0,0.0,12.57,0.0,GOLD,,"102,3242683043",317365275,12.57,2026-08-31 08:25:24,2026-08-31,,
850596043,828677101,1788177322,1788177322358,0,1,0,828653408,1,0.01,4435.57,0.0,0.0,6.46,0.0,GOLD,,"102,3243478025",317365275,6.46,2026-08-31 11:55:22,2026-08-31,,
850645989,828725489,1788184891,1788184891372,0,1,0,828708609,4,0.01,4456.21,0.0,0.0,-7.67,0.0,GOLD,[sl 4456.11],,317365275,-7.67,2026-08-31 14:01:31,2026-08-31,,
850688619,828766270,1788189705,1788189705047,0,1,0,828765454,1,0.01,4452.15,0.0,0.0,0.88,0.0,GOLD,,"102,3244240850",317365275,0.88,2026-08-31 15:21:45,2026-08-31,,
850705659,828782545,1788190879,1788190879706,0,1,0,828727920,1,0.01,4441.82,0.0,0.0,12.86,0.0,GOLD,,"102,3244375815",317365275,12.86,2026-08-31 15:41:19,2026-08-31,,
851092876,829151497,1788252318,1788252318058,1,1,0,829099689,1,0.01,4444.5,0.0,0.0,3.74,0.0,GOLD,,"102,3247597786",317365275,3.74,2026-09-01 08:45:18,2026-09-01,,
851095392,829153695,1788252570,1788252570058,1,1,0,829099700,1,0.01,4445.39,0.0,0.0,10.09,0.0,GOLD,,"102,3247620195",317365275,10.09,2026-09-01 08:49:30,2026-09-01,,
851170667,829224556,1788260815,1788260815978,1,1,0,829168367,6,0.01,4405.3,0.0,0.0,-26.99,0.0,GOLD,[so 18.90%/2.51/13.28],,317365275,-26.99,2026-09-01 11:06:55,2026-09-01,,
851170750,829224614,1788260816,1788260816107,1,1,0,829125865,6,0.01,4404.77,0.0,0.0,-23.2,0.0,GOLD,[so 16.38%/1.45/8.85],,317365275,-23.2,2026-09-01 11:06:56,2026-09-01,,
851172439,829226173,1788260876,1788260876424,1,1,0,829210614,6,0.01,4404.18,0.0,0.0,-14.3,0.0,GOLD,[so 19.46%/0.86/4.42],,317365275,-14.3,2026-09-01 11:07:56,2026-09-01,,
851207492,829257607,1788262437,1788262437533,1,1,0,829234552,6,0.01,4372.62,0.0,0.0,-25.0,0.0,GOLD,[so 9.72%/1.28/13.17],,317365275,-25.0,2026-09-01 11:33:57,2026-09-01,,
851207514,829257621,1788262437,1788262437577,1,1,0,829234451,6,0.01,4372.62,0.0,0.0,-23.47,0.0,GOLD,[so 14.60%/1.28/8.77],,317365275,-23.47,2026-09-01 11:33:57,2026-09-01,,
851210143,829260021,1788262630,1788262630578,1,1,0,829255058,6,0.01,4371.58,0.0,0.0,-6.18,0.0,GOLD,[so 5.48%/0.24/4.38],,317365275,-6.18,2026-09-01 11:37:10,2026-09-01,,
852406002,830398127,1788429864,1788429864928,0,1,0,830376880,4,0.01,4429.47,0.0,0.0,0.4,0.0,GOLD,[sl 4429.43],,317365275,0.4,2026-09-03 10:04:24,2026-09-03,,
852431213,830422241,1788433446,1788433446796,1,1,0,830402220,5,0.01,4439.91,0.0,0.0,15.49,0.0,GOLD,[tp 4439.49],,317365275,15.49,2026-09-03 11:04:06,2026-09-03,,
852578177,830561518,1788449590,1788449590232,0,1,0,830534037,1,0.01,4464.98,0.0,0.0,-4.42,0.0,GOLD,,"102,3260853829",317365275,-4.42,2026-09-03 15:33:10,2026-09-03,,
852580506,830563635,1788449721,1788449721585,0,1,0,830534077,1,0.01,4464.27,0.0,0.0,5.25,0.0,GOLD,,"102,3260879057",317365275,5.25,2026-09-03 15:35:21,2026-09-03,,
852592497,830574890,1788450186,1788450186101,0,1,0,830573573,1,0.01,4467.2,0.0,0.0,0.1,0.0,GOLD,,"102,3260998309",317365275,0.1,2026-09-03 15:43:06,2026-09-03,,
852854187,830821204,1788493430,1788493430678,1,1,0,830810980,1,0.01,4480.37,0.0,0.0,4.34,0.0,GOLD,,"102,3263431524",317365275,4.34,2026-09-04 03:43:50,2026-09-04,,
852880424,830846013,1788497901,1788497901264,1,1,0,830839857,1,0.01,4479.72,0.0,0.0,4.55,0.0,GOLD,,"102,3263681459",317365275,4.55,2026-09-04 04:58:21,2026-09-04,,
852911617,830875969,1788505227,1788505227486,1,1,0,830867429,4,0.01,4465.41,0.0,0.0,-9.42,0.0,GOLD,[sl 4465.58],,317365275,-9.42,2026-09-04 07:00:27,2026-09-04,,
852922006,830885957,1788507759,1788507759715,1,1,0,830809525,1,0.01,4474.29,0.0,0.0,1.15,0.0,GOLD,,"102,3264069803",317365275,1.15,2026-09-04 07:42:39,2026-09-04,,
852938243,830901583,1788511222,1788511222351,1,1,0,830879637,1,0.01,4476.34,0.0,0.0,5.91,0.0,GOLD,,"102,3264231262",317365275,5.91,2026-09-04 08:40:22,2026-09-04,,
852949439,830912359,1788513623,1788513623325,1,1,0,830909731,1,0.01,4470.23,0.0,0.0,1.06,0.0,GOLD,,"102,3264354466",317365275,1.06,2026-09-04 09:20:23,2026-09-04,,
852953956,830916621,1788514514,1788514514473,1,1,0,830875536,4,0.01,4464.26,0.0,0.0,-2.53,0.0,GOLD,[sl 4464.32],,317365275,-2.53,2026-09-04 09:35:14,2026-09-04,,
852960189,830922552,1788515374,1788515374621,1,1,0,830918685,4,0.01,4461.63,0.0,0.0,-5.04,0.0,GOLD,[sl 4461.64],,317365275,-5.04,2026-09-04 09:49:34,2026-09-04,,
852979263,830940714,1788518288,1788518288095,1,1,0,830933216,1,0.01,4474.79,0.0,0.0,6.88,0.0,GOLD,,"102,3264659977",317365275,6.88,2026-09-04 10:38:08,2026-09-04,,
852988360,830949001,1788518852,1788518852868,1,1,0,830923360,1,0.01,4488.49,0.0,0.0,24.09,0.0,GOLD,,"102,3264728719",317365275,24.09,2026-09-04 10:47:32,2026-09-04,,
853173426,831122692,1788537574,1788537574835,0,1,0,831122166,1,0.01,4393.77,0.0,0.0,0.25,0.0,GOLD,,"102,3266404109",317365275,0.25,2026-09-04 15:59:34,2026-09-04,,
853215191,831160735,1788540188,1788540188124,0,1,0,831157523,4,0.01,4421.3,0.0,0.0,-13.28,0.0,GOLD,[sl 4421.23],,317365275,-13.28,2026-09-04 16:43:08,2026-09-04,,
853220610,831165766,1788540406,1788540406171,0,1,0,831162165,4,0.01,4426.0,0.0,0.0,-7.89,0.0,GOLD,[sl 4425.97],,317365275,-7.89,2026-09-04 16:46:46,2026-09-04,,
853234457,831178419,1788541100,1788541100761,0,1,0,831170297,1,0.01,4416.32,0.0,0.0,11.94,0.0,GOLD,,"102,3266958734",317365275,11.94,2026-09-04 16:58:20,2026-09-04,,
853274669,831215789,1788543726,1788543726170,0,1,0,831212479,4,0.01,4432.42,0.0,0.0,0.94,0.0,GOLD,[sl 4432.35],,317365275,0.94,2026-09-04 17:42:06,2026-09-04,,
853284935,831225292,1788544494,1788544494753,0,1,0,831217356,1,0.01,4418.85,0.0,0.0,8.04,0.0,GOLD,,"102,3267390093",317365275,8.04,2026-09-04 17:54:54,2026-09-04,,
853472569,831394652,1788751988,1788751988248,0,1,0,831391732,1,0.01,4419.03,0.0,0.0,7.76,0.0,GOLD,,"102,3269041350",317365275,7.76,2026-09-07 03:33:08,2026-09-07,,
853483332,831404688,1788753602,1788753602525,0,1,0,831373527,5,0.01,4410.17,0.0,0.0,20.24,0.0,GOLD,[tp 4410.40],,317365275,20.24,2026-09-07 04:00:02,2026-09-07,,
853915727,831812505,1788834830,1788834830282,0,1,0,831805364,4,0.01,4415.45,0.0,0.0,-5.71,0.0,GOLD,[sl 4415.21],,317365275,-5.71,2026-09-08 02:33:50,2026-09-08,,
853952905,831847433,1788841087,1788841087798,1,1,0,831822648,1,0.01,4430.26,0.0,0.0,10.33,0.0,GOLD,,"102,3273518118",317365275,10.33,2026-09-08 04:18:07,2026-09-08,,
853987484,831880138,1788846827,1788846827627,0,1,0,831867694,1,0.01,4422.43,0.0,0.0,6.55,0.0,GOLD,,"102,3273839445",317365275,6.55,2026-09-08 05:53:47,2026-09-08,,
854032766,831923755,1788855105,1788855105155,0,1,0,831911226,1,0.01,4430.16,0.0,0.0,2.82,0.0,GOLD,,"102,3274261416",317365275,2.82,2026-09-08 08:11:45,2026-09-08,,
854040815,831931445,1788855979,1788855979896,0,1,0,831911247,1,0.01,4424.87,0.0,0.0,12.9,0.0,GOLD,,"102,3274335163",317365275,12.9,2026-09-08 08:26:19,2026-09-08,,
854555544,832419679,1788925983,1788925983567,1,1,0,832397841,1,0.01,4359.43,0.0,0.0,0.18,0.0,GOLD,,"102,3278707420",317365275,0.18,2026-09-09 03:53:03,2026-09-09,,
854555660,832419787,1788925993,1788925993278,1,1,0,832397057,1,0.01,4359.74,0.0,0.0,4.14,0.0,GOLD,,"102,3278708499",317365275,4.14,2026-09-09 03:53:13,2026-09-09,,
854555682,832419809,1788925996,1788925996808,1,1,0,832400557,1,0.01,4359.68,0.0,0.0,6.25,0.0,GOLD,,"102,3278708744",317365275,6.25,2026-09-09 03:53:16,2026-09-09,,
854555721,832419840,1788926002,1788926002407,1,1,0,832403113,1,0.01,4359.62,0.0,0.0,11.55,0.0,GOLD,,"102,3278709185",317365275,11.55,2026-09-09 03:53:22,2026-09-09,,
854568997,832432731,1788928163,1788928163912,1,1,0,832405856,1,0.01,4372.57,0.0,0.0,26.47,0.0,GOLD,,"102,3278843557",317365275,26.47,2026-09-09 04:29:23,2026-09-09,,
854644382,832505564,1788943203,1788943203318,1,1,0,832474373,1,0.01,4392.37,0.0,0.0,19.8,0.0,GOLD,,"102,3279508725",317365275,19.8,2026-09-09 08:40:03,2026-09-09,,
854719546,832577089,1788952248,1788952248442,0,1,0,832564267,1,0.01,4405.87,0.0,0.0,2.61,0.0,GOLD,,"102,3280115788",317365275,2.61,2026-09-09 11:10:48,2026-09-09,,
854733380,832590590,1788954044,1788954044498,0,1,0,832564379,1,0.01,4399.65,0.0,0.0,11.98,0.0,GOLD,,"102,3280232872",317365275,11.98,2026-09-09 11:40:44,2026-09-09,,
854868080,832721156,1788969761,1788969761428,0,1,0,832675714,4,0.01,4406.42,0.0,0.0,0.73,0.0,GOLD,[sl 4406.34],,317365275,0.73,2026-09-09 16:02:41,2026-09-09,,
854880811,832733296,1788970746,1788970746221,0,1,0,832721661,4,0.01,4415.25,0.0,0.0,-4.71,0.0,GOLD,[sl 4415.25],,317365275,-4.71,2026-09-09 16:19:06,2026-09-09,,
854880840,832733327,1788970747,1788970747276,0,1,0,832722360,4,0.01,4415.34,0.0,0.0,-8.84,0.0,GOLD,[sl 4415.32],,317365275,-8.84,2026-09-09 16:19:07,2026-09-09,,
854905030,832755587,1788971763,1788971763396,0,1,0,832751614,1,0.01,4427.59,0.0,0.0,1.49,0.0,GOLD,,"102,3281651674",317365275,1.49,2026-09-09 16:36:03,2026-09-09,,
854975601,832823479,1788976851,1788976851423,0,1,0,832809874,4,0.01,4423.92,0.0,0.0,-2.72,0.0,GOLD,[sl 4423.72],,317365275,-2.72,2026-09-09 18:00:51,2026-09-09,,
854980309,832827694,1788976917,1788976917615,0,1,0,832825869,1,0.01,4409.25,0.0,0.0,2.67,0.0,GOLD,,"102,3282271166",317365275,2.67,2026-09-09 18:01:57,2026-09-09,,
854981290,832828642,1788976955,1788976955369,0,1,0,832825629,1,0.01,4410.1,0.0,0.0,5.31,0.0,GOLD,,"102,3282280801",317365275,5.31,2026-09-09 18:02:35,2026-09-09,,
854989471,832836040,1788977157,1788977157817,0,1,0,832835452,1,0.01,4383.75,0.0,0.0,4.79,0.0,GOLD,,"102,3282343608",317365275,4.79,2026-09-09 18:05:57,2026-09-09,,
855062912,832906194,1788984138,1788984138628,0,1,0,832900656,4,0.01,4414.39,0.0,0.0,-4.5,0.0,GOLD,[sl 4414.16],,317365275,-4.5,2026-09-09 20:02:18,2026-09-09,,
855065357,832908466,1788984375,1788984375521,0,1,0,832907184,4,0.01,4417.97,0.0,0.0,-7.06,0.0,GOLD,[sl 4417.93],,317365275,-7.06,2026-09-09 20:06:15,2026-09-09,,
855066951,832909969,1788984505,1788984505116,1,1,0,832909791,1,0.01,4419.09,0.0,0.0,0.2,0.0,GOLD,,"102,3283020324",317365275,0.2,2026-09-09 20:08:25,2026-09-09,,
855066973,832909994,1788984508,1788984508993,1,1,0,832909794,1,0.01,4418.89,0.0,0.0,0.03,0.0,GOLD,,"102,3283020594",317365275,0.03,2026-09-09 20:08:28,2026-09-09,,
855067033,832910054,1788984524,1788984524911,1,1,0,832909793,1,0.01,4419.32,0.0,0.0,0.54,0.0,GOLD,,"102,3283021486",317365275,0.54,2026-09-09 20:08:44,2026-09-09,,
855083666,832926179,1788988368,1788988368723,0,1,0,832918596,4,0.01,4421.43,0.0,0.0,-9.43,0.0,GOLD,[sl 4421.38],,317365275,-9.43,2026-09-09 21:12:48,2026-09-09,,
855125821,832964328,1789009338,1789009338978,1,1,0,832956213,4,0.01,4390.61,0.0,0.0,-10.52,0.0,GOLD,[sl 4390.61],,317365275,-10.52,2026-09-10 03:02:18,2026-09-10,,
855125865,832964362,1789009339,1789009339076,1,1,0,832957032,4,0.01,4390.51,0.0,0.0,-4.04,0.0,GOLD,[sl 4390.57],,317365275,-4.04,2026-09-10 03:02:19,2026-09-10,,
855128120,832966583,1789009858,1789009858117,0,1,0,832964565,1,0.01,4395.06,0.0,0.0,-5.23,0.0,GOLD,,"102,3283564027",317365275,-5.23,2026-09-10 03:10:58,2026-09-10,,
855139077,832977242,1789012724,1789012724457,1,1,0,832974265,1,0.01,4402.62,0.0,0.0,2.01,0.0,GOLD,,"102,3283666232",317365275,2.01,2026-09-10 03:58:44,2026-09-10,,
855144844,832982930,1789013260,1789013260503,1,1,0,832966685,1,0.01,4413.55,0.0,0.0,18.56,0.0,GOLD,,"102,3283711221",317365275,18.56,2026-09-10 04:07:40,2026-09-10,,
855175769,833012999,1789018886,1789018886195,1,1,0,832966550,4,0.01,4417.81,0.0,0.0,23.08,0.0,GOLD,[sl 4418.11],,317365275,23.08,2026-09-10 05:41:26,2026-09-10,,
855280188,833113634,1789036148,1789036148133,1,1,0,833107619,4,0.01,4407.77,0.0,0.0,-6.95,0.0,GOLD,[sl 4407.85],,317365275,-6.95,2026-09-10 10:29:08,2026-09-10,,
855290311,833123316,1789037211,1789037211948,1,1,0,833111311,1,0.01,4410.84,0.0,0.0,0.29,0.0,GOLD,,"102,3284993757",317365275,0.29,2026-09-10 10:46:51,2026-09-10,,
855291011,833124007,1789037275,1789037275964,1,1,0,833107335,1,0.01,4411.77,0.0,0.0,5.09,0.0,GOLD,,"102,3285001429",317365275,5.09,2026-09-10 10:47:55,2026-09-10,,
855293752,833126681,1789037655,1789037655999,1,1,0,833107666,1,0.01,4413.86,0.0,0.0,9.36,0.0,GOLD,,"102,3285027510",317365275,9.36,2026-09-10 10:54:15,2026-09-10,,
855491670,833310646,1789055065,1789055065667,1,1,0,833283793,1,0.01,4336.08,0.0,0.0,-15.67,0.0,GOLD,,"102,3286646260",317365275,-15.67,2026-09-10 15:44:25,2026-09-10,,
855491671,833310647,1789055065,1789055065668,1,1,0,833283902,1,0.01,4336.08,0.0,0.0,-7.43,0.0,GOLD,,"102,3286646261",317365275,-7.43,2026-09-10 15:44:25,2026-09-10,,
855491673,833310648,1789055065,1789055065669,1,1,0,833284082,1,0.01,4336.08,0.0,0.0,-6.48,0.0,GOLD,,"102,3286646262",317365275,-6.48,2026-09-10 15:44:25,2026-09-10,,
855491674,833310649,1789055065,1789055065669,1,1,0,833295148,1,0.01,4336.08,0.0,0.0,5.25,0.0,GOLD,,"102,3286646263",317365275,5.25,2026-09-10 15:44:25,2026-09-10,,
855491675,833310652,1789055065,1789055065670,1,1,0,833300934,1,0.01,4336.08,0.0,0.0,9.75,0.0,GOLD,,"102,3286646264",317365275,9.75,2026-09-10 15:44:25,2026-09-10,,
855491676,833310650,1789055065,1789055065670,1,1,0,833295380,1,0.01,4336.08,0.0,0.0,6.94,0.0,GOLD,,"102,3286646265",317365275,6.94,2026-09-10 15:44:25,2026-09-10,,
855491677,833310651,1789055065,1789055065671,1,1,0,833296243,1,0.01,4336.08,0.0,0.0,2.15,0.0,GOLD,,"102,3286646266",317365275,2.15,2026-09-10 15:44:25,2026-09-10,,
855538299,833354486,1789057736,1789057736856,1,1,0,833349409,1,0.01,4356.05,0.0,0.0,1.34,0.0,GOLD,,"102,3287085974",317365275,1.34,2026-09-10 16:28:56,2026-09-10,,
855543360,833359294,1789057976,1789057976339,1,1,0,833356787,1,0.01,4360.89,0.0,0.0,5.95,0.0,GOLD,,"102,3287128999",317365275,5.95,2026-09-10 16:32:56,2026-09-10,,
855581144,833395443,1789060601,1789060601597,0,1,0,833394271,1,0.01,4359.26,0.0,0.0,1.49,0.0,GOLD,,"102,3287479108",317365275,1.49,2026-09-10 17:16:41,2026-09-10,,
855600013,833413248,1789062073,1789062073033,1,1,0,833403477,1,0.01,4368.41,0.0,0.0,-3.09,0.0,GOLD,,"102,3287652324",317365275,-3.09,2026-09-10 17:41:13,2026-09-10,,
855610978,833423777,1789063322,1789063322179,1,1,0,833407438,4,0.01,4352.81,0.0,0.0,-12.08,0.0,GOLD,[sl 4352.96],,317365275,-12.08,2026-09-10 18:02:02,2026-09-10,,
855610979,833423779,1789063322,1789063322180,1,1,0,833415953,4,0.01,4352.81,0.0,0.0,-4.11,0.0,GOLD,[sl 4352.94],,317365275,-4.11,2026-09-10 18:02:02,2026-09-10,,
855623987,833436109,1789065302,1789065302280,1,1,0,833424492,1,0.01,4369.36,0.0,0.0,14.36,0.0,GOLD,,"102,3287895721",317365275,14.36,2026-09-10 18:35:02,2026-09-10,,
855671289,833481615,1789073870,1789073870528,1,1,0,833479949,4,0.01,4351.45,0.0,0.0,-8.68,0.0,GOLD,[sl 4351.88],,317365275,-8.68,2026-09-10 20:57:50,2026-09-10,,
855671295,833481621,1789073870,1789073870531,1,1,0,833479968,4,0.01,4351.45,0.0,0.0,-4.36,0.0,GOLD,[sl 4351.79],,317365275,-4.36,2026-09-10 20:57:50,2026-09-10,,
855673613,833483839,1789074120,1789074120375,1,1,0,833483442,4,0.01,4350.49,0.0,0.0,-5.65,0.0,GOLD,[sl 4350.58],,317365275,-5.65,2026-09-10 21:02:00,2026-09-10,,
855695073,833503991,1789077118,1789077118141,1,1,0,833497452,1,0.01,4336.46,0.0,0.0,-0.76,0.0,GOLD,,"102,3288559465",317365275,-0.76,2026-09-10 21:51:58,2026-09-10,,
855700382,833509013,1789077687,1789077687260,1,1,0,833485285,6,0.01,4322.08,0.0,0.0,-28.62,0.0,GOLD,[so -8.29%/-2.16/26.04],,317365275,-28.62,2026-09-10 22:01:27,2026-09-10,,
855700467,833509039,1789077687,1789077687302,1,1,0,833485304,6,0.01,4321.15,0.0,0.0,-24.05,0.0,GOLD,[so -9.96%/-2.16/21.69],,317365275,-24.05,2026-09-10 22:01:27,2026-09-10,,
855700521,833509079,1789077687,1789077687337,1,1,0,833485337,6,0.01,4321.15,0.0,0.0,-21.0,0.0,GOLD,[so -39.27%/-6.81/17.34],,317365275,-21.0,2026-09-10 22:01:27,2026-09-10,,
855700545,833509101,1789077687,1789077687370,1,1,0,833499992,6,0.01,4321.15,0.0,0.0,-13.53,0.0,GOLD,[so -52.38%/-6.81/13.00],,317365275,-13.53,2026-09-10 22:01:27,2026-09-10,,
855700568,833509118,1789077687,1789077687402,1,1,0,833506040,6,0.01,4320.33,0.0,0.0,-12.93,0.0,GOLD,[so -78.64%/-6.81/8.66],,317365275,-12.93,2026-09-10 22:01:27,2026-09-10,,
855700613,833509152,1789077687,1789077687452,1,1,0,833502407,6,0.01,4320.33,0.0,0.0,-10.65,0.0,GOLD,[so -195.15%/-8.45/4.33],,317365275,-10.65,2026-09-10 22:01:27,2026-09-10,,
855702195,833510491,1789077780,1789077780080,1,1,0,833509982,6,0.01,4315.38,0.0,0.0,-5.18,0.0,GOLD,[so 19.91%/0.86/4.32],,317365275,-5.18,2026-09-10 22:03:00,2026-09-10,,
855751278,833555473,1789098348,1789098348427,1,1,0,833538832,1,0.01,4329.1,0.0,0.0,9.33,0.0,GOLD,,"102,3289042771",317365275,9.33,2026-09-11 03:45:48,2026-09-11,,
855757489,833561425,1789099441,1789099441570,1,1,0,833542763,1,0.01,4338.92,0.0,0.0,24.57,0.0,GOLD,,"102,3289101961",317365275,24.57,2026-09-11 04:04:01,2026-09-11,,
855800117,833601891,1789107692,1789107692421,1,1,0,833591920,4,0.01,4310.66,0.0,0.0,-14.4,0.0,GOLD,[sl 4310.67],,317365275,-14.4,2026-09-11 06:21:32,2026-09-11,,
855800165,833601936,1789107692,1789107692524,1,1,0,833596854,4,0.01,4310.11,0.0,0.0,-7.78,0.0,GOLD,[sl 4310.63],,317365275,-7.78,2026-09-11 06:21:32,2026-09-11,,
855811135,833612111,1789109193,1789109193574,0,1,0,833602488,1,0.01,4305.09,0.0,0.0,5.24,0.0,GOLD,,"102,3289625517",317365275,5.24,2026-09-11 06:46:33,2026-09-11,,
855830133,833630125,1789111534,1789111534248,1,1,0,833627085,1,0.01,4327.18,0.0,0.0,5.87,0.0,GOLD,,"102,3289788631",317365275,5.87,2026-09-11 07:25:34,2026-09-11,,
855833998,833633811,1789112176,1789112176522,1,1,0,833616955,1,0.01,4326.56,0.0,0.0,19.75,0.0,GOLD,,"102,3289824104",317365275,19.75,2026-09-11 07:36:16,2026-09-11,,
856063199,833848738,1789140932,1789140932826,0,1,0,833845486,4,0.01,4334.31,0.0,0.0,0.55,0.0,GOLD,[sl 4334.14],,317365275,0.55,2026-09-11 15:35:32,2026-09-11,,
856073291,833857809,1789141178,1789141178524,0,1,0,833850870,4,0.01,4351.82,0.0,0.0,-12.96,0.0,GOLD,[sl 4351.81],,317365275,-12.96,2026-09-11 15:39:38,2026-09-11,,
856086308,833869627,1789141515,1789141515447,0,1,0,833865188,1,0.01,4354.72,0.0,0.0,2.59,0.0,GOLD,,"102,3292009862",317365275,2.59,2026-09-11 15:45:15,2026-09-11,,
856090853,833873677,1789141629,1789141629274,1,1,0,833870859,4,0.01,4362.81,0.0,0.0,0.58,0.0,GOLD,[sl 4362.87],,317365275,0.58,2026-09-11 15:47:09,2026-09-11,,
856179128,833955781,1789146251,1789146251556,1,1,0,833955108,1,0.01,4387.5,0.0,0.0,0.85,0.0,GOLD,,"102,3292792038",317365275,0.85,2026-09-11 17:04:11,2026-09-11,,
856192574,833968606,1789147327,1789147327171,1,1,0,833966882,4,0.01,4382.26,0.0,0.0,0.63,0.0,GOLD,[sl 4382.29],,317365275,0.63,2026-09-11 17:22:07,2026-09-11,,
856214581,833989480,1789148929,1789148929692,1,1,0,833983311,1,0.01,4380.1,0.0,0.0,9.53,0.0,GOLD,,"102,3293089945",317365275,9.53,2026-09-11 17:48:49,2026-09-11,,
856403766,834161412,1789354844,1789354844754,0,1,0,834157400,1,0.01,4330.87,0.0,0.0,7.56,0.0,GOLD,,"102,3294565573",317365275,7.56,2026-09-14 03:00:44,2026-09-14,,
856448194,834203776,1789361313,1789361313586,1,1,0,834165876,1,0.01,4348.04,0.0,0.0,1.54,0.0,GOLD,,"102,3294959669",317365275,1.54,2026-09-14 04:48:33,2026-09-14,,
856448475,834204050,1789361377,1789361377816,1,1,0,834168219,1,0.01,4348.05,0.0,0.0,6.14,0.0,GOLD,,"102,3294963153",317365275,6.14,2026-09-14 04:49:37,2026-09-14,,
856448627,834204193,1789361401,1789361401698,1,1,0,834169477,1,0.01,4345.99,0.0,0.0,8.16,0.0,GOLD,,"102,3294964823",317365275,8.16,2026-09-14 04:50:01,2026-09-14,,
856461947,834216870,1789363920,1789363920652,1,1,0,834171335,1,0.01,4354.93,0.0,0.0,20.38,0.0,GOLD,,"102,3295084218",317365275,20.38,2026-09-14 05:32:00,2026-09-14,,
856473876,834228226,1789365515,1789365515221,1,1,0,834187426,4,0.01,4331.48,0.0,0.0,0.61,0.0,GOLD,[sl 4331.50],,317365275,0.61,2026-09-14 05:58:35,2026-09-14,,
856486684,834240357,1789367805,1789367805140,1,1,0,834230712,1,0.01,4329.05,0.0,0.0,-1.65,0.0,GOLD,,"102,3295315349",317365275,-1.65,2026-09-14 06:36:45,2026-09-14,,
856501355,834254314,1789371657,1789371657238,0,1,0,834240351,1,0.01,4326.17,0.0,0.0,2.87,0.0,GOLD,,"102,3295456611",317365275,2.87,2026-09-14 07:40:57,2026-09-14,,
856511726,834264234,1789373050,1789373050710,0,1,0,834241126,1,0.01,4331.02,0.0,0.0,0.76,0.0,GOLD,,"102,3295548643",317365275,0.76,2026-09-14 08:04:10,2026-09-14,,
856565293,834316517,1789379799,1789379799747,1,1,0,834264212,4,0.01,4320.8,0.0,0.0,-9.91,0.0,GOLD,[sl 4321.40],,317365275,-9.91,2026-09-14 09:56:39,2026-09-14,,
856565321,834316526,1789379799,1789379799751,1,1,0,834286056,4,0.01,4320.8,0.0,0.0,-4.79,0.0,GOLD,[sl 4321.46],,317365275,-4.79,2026-09-14 09:56:39,2026-09-14,,
856568628,834319595,1789380122,1789380122376,1,1,0,834315945,4,0.01,4318.83,0.0,0.0,-2.55,0.0,GOLD,[sl 4318.84],,317365275,-2.55,2026-09-14 10:02:02,2026-09-14,,
856568650,834319617,1789380122,1789380122471,1,1,0,834315849,4,0.01,4318.63,0.0,0.0,-4.71,0.0,GOLD,[sl 4318.79],,317365275,-4.71,2026-09-14 10:02:02,2026-09-14,,
856580335,834330870,1789381785,1789381785241,1,1,0,834320326,4,0.01,4317.01,0.0,0.0,-3.9,0.0,GOLD,[sl 4317.21],,317365275,-3.9,2026-09-14 10:29:45,2026-09-14,,
856580348,834330879,1789381785,1789381785243,1,1,0,834320329,4,0.01,4317.01,0.0,0.0,-4.06,0.0,GOLD,[sl 4317.19],,317365275,-4.06,2026-09-14 10:29:45,2026-09-14,,
856625535,834373567,1789387443,1789387443082,1,1,0,834344252,1,0.01,4310.31,0.0,0.0,4.93,0.0,GOLD,,"102,3296578552",317365275,4.93,2026-09-14 12:04:03,2026-09-14,,
856625608,834373641,1789387446,1789387446743,1,1,0,834344304,1,0.01,4310.78,0.0,0.0,6.84,0.0,GOLD,,"102,3296578974",317365275,6.84,2026-09-14 12:04:06,2026-09-14,,
856636441,834383608,1789388342,1789388342701,1,1,0,834332149,6,0.01,4287.96,0.0,0.0,-30.59,0.0,GOLD,[so -36.77%/-9.51/25.86],,317365275,-30.59,2026-09-14 12:19:02,2026-09-14,,
856636523,834383688,1789388342,1789388342750,1,1,0,834332174,6,0.01,4288.2,0.0,0.0,-24.98,0.0,GOLD,[so -38.58%/-8.31/21.54],,317365275,-24.98,2026-09-14 12:19:02,2026-09-14,,
856636589,834383741,1789388342,1789388342800,1,1,0,834332207,6,0.01,4288.46,0.0,0.0,-23.45,0.0,GOLD,[so -48.26%/-8.31/17.22],,317365275,-23.45,2026-09-14 12:19:02,2026-09-14,,
856636629,834383794,1789388342,1789388342839,1,1,0,834374455,6,0.01,4288.46,0.0,0.0,-20.94,0.0,GOLD,[so -56.31%/-7.27/12.91],,317365275,-20.94,2026-09-14 12:19:02,2026-09-14,,
856636658,834383821,1789388342,1789388342879,1,1,0,834373393,6,0.01,4288.46,0.0,0.0,-13.55,0.0,GOLD,[so -84.53%/-7.27/8.60],,317365275,-13.55,2026-09-14 12:19:02,2026-09-14,,
856636684,834383845,1789388342,1789388342917,1,1,0,834374226,6,0.01,4289.07,0.0,0.0,-11.73,0.0,GOLD,[so -169.07%/-7.27/4.30],,317365275,-11.73,2026-09-14 12:19:02,2026-09-14,,
856674503,834418553,1789391079,1789391079077,0,1,0,834406292,4,0.03,4281.46,0.0,0.0,0.63,0.0,GOLD,[sl 4281.39],,317365275,0.63,2026-09-14 13:04:39,2026-09-14,,
856688906,834432435,1789393039,1789393039526,1,1,0,834387707,1,0.01,4292.59,0.0,0.0,0.35,0.0,GOLD,,"102,3297103304",317365275,0.35,2026-09-14 13:37:19,2026-09-14,,
856688976,834432520,1789393053,1789393053181,1,1,0,834388389,1,0.01,4292.26,0.0,0.0,1.84,0.0,GOLD,,"102,3297103946",317365275,1.84,2026-09-14 13:37:33,2026-09-14,,
856690689,834434155,1789393355,1789393355788,1,1,0,834387761,1,0.01,4294.36,0.0,0.0,8.83,0.0,GOLD,,"102,3297121968",317365275,8.83,2026-09-14 13:42:35,2026-09-14,,
856699398,834442581,1789395030,1789395030673,1,1,0,834387835,1,0.01,4293.87,0.0,0.0,12.07,0.0,GOLD,,"102,3297205551",317365275,12.07,2026-09-14 14:10:30,2026-09-14,,
856727337,834469344,1789399007,1789399007530,0,1,0,834452451,4,0.01,4297.9,0.0,0.0,-5.46,0.0,GOLD,[sl 4297.62],,317365275,-5.46,2026-09-14 15:16:47,2026-09-14,,
856729668,834471577,1789399189,1789399189424,0,1,0,834469726,1,0.01,4291.24,0.0,0.0,-0.26,0.0,GOLD,,"102,3297491094",317365275,-0.26,2026-09-14 15:19:49,2026-09-14,,
856729804,834471697,1789399193,1789399193587,0,1,0,834469596,1,0.01,4291.0,0.0,0.0,2.9,0.0,GOLD,,"102,3297491986",317365275,2.9,2026-09-14 15:19:53,2026-09-14,,
856729853,834471750,1789399197,1789399197973,0,1,0,834469779,1,0.01,4290.75,0.0,0.0,1.7,0.0,GOLD,,"102,3297492671",317365275,1.7,2026-09-14 15:19:57,2026-09-14,,
856732331,834474088,1789399336,1789399336545,0,1,0,834470465,1,0.01,4286.57,0.0,0.0,9.04,0.0,GOLD,,"102,3297512054",317365275,9.04,2026-09-14 15:22:16,2026-09-14,,
856753810,834494194,1789400516,1789400516797,1,1,0,834480921,1,0.01,4281.48,0.0,0.0,0.28,0.0,GOLD,,"102,3297685189",317365275,0.28,2026-09-14 15:41:56,2026-09-14,,
856814961,834551857,1789404364,1789404364505,1,1,0,834501246,1,0.01,4275.08,0.0,0.0,-1.95,0.0,GOLD,,"102,3298197556",317365275,-1.95,2026-09-14 16:46:04,2026-09-14,,
856815080,834551963,1789404378,1789404378016,1,1,0,834507701,1,0.01,4273.74,0.0,0.0,3.53,0.0,GOLD,,"102,3298198714",317365275,3.53,2026-09-14 16:46:18,2026-09-14,,
856815345,834552218,1789404393,1789404393409,1,1,0,834528195,1,0.01,4271.66,0.0,0.0,7.03,0.0,GOLD,,"102,3298201112",317365275,7.03,2026-09-14 16:46:33,2026-09-14,,
856859436,834594311,1789408319,1789408319402,0,1,0,834593897,1,0.03,4279.23,0.0,0.0,-9.06,0.0,GOLD,,"102,3298611495",317365275,-9.06,2026-09-14 17:51:59,2026-09-14,,
856859791,834594665,1789408377,1789408377110,1,1,0,834480874,1,0.01,4275.76,0.0,0.0,-10.15,0.0,GOLD,,"102,3298614968",317365275,-10.15,2026-09-14 17:52:57,2026-09-14,,
856859820,834594694,1789408381,1789408381288,1,1,0,834570011,1,0.01,4275.77,0.0,0.0,0.75,0.0,GOLD,,"102,3298615397",317365275,0.75,2026-09-14 17:53:01,2026-09-14,,
856862437,834597229,1789408797,1789408797576,0,1,0,834558427,4,0.01,4279.89,0.0,0.0,-7.06,0.0,GOLD,[sl 4279.87],,317365275,-7.06,2026-09-14 17:59:57,2026-09-14,,
856862442,834597230,1789408797,1789408797578,0,1,0,834594617,4,0.03,4279.89,0.0,0.0,-12.57,0.0,GOLD,[sl 4279.86],,317365275,-12.57,2026-09-14 17:59:57,2026-09-14,,
856866562,834601110,1789409156,1789409156474,0,1,0,834597574,1,0.02,4281.44,0.0,0.0,-6.82,0.0,GOLD,,"102,3298675586",317365275,-6.82,2026-09-14 18:05:56,2026-09-14,,
856866629,834601177,1789409159,1789409159918,0,1,0,834598086,1,0.02,4280.97,0.0,0.0,-8.22,0.0,GOLD,,"102,3298676435",317365275,-8.22,2026-09-14 18:05:59,2026-09-14,,
856873116,834607331,1789409729,1789409729375,0,1,0,834603569,1,0.02,4276.81,0.0,0.0,12.84,0.0,GOLD,,"102,3298736234",317365275,12.84,2026-09-14 18:15:29,2026-09-14,,
856873147,834607360,1789409732,1789409732760,0,1,0,834604215,1,0.01,4277.14,0.0,0.0,4.4,0.0,GOLD,,"102,3298736594",317365275,4.4,2026-09-14 18:15:32,2026-09-14,,
856876787,834610832,1789410292,1789410292455,0,1,0,834602473,1,0.02,4279.52,0.0,0.0,9.16,0.0,GOLD,,"102,3298771513",317365275,9.16,2026-09-14 18:24:52,2026-09-14,,
856879013,834612963,1789410572,1789410572656,1,1,0,834610876,1,0.02,4284.42,0.0,0.0,9.22,0.0,GOLD,,"102,3298793774",317365275,9.22,2026-09-14 18:29:32,2026-09-14,,
856908974,834641540,1789413575,1789413575919,0,1,0,834638185,4,0.01,4299.26,0.0,0.0,-3.12,0.0,GOLD,[sl 4299.26],,317365275,-3.12,2026-09-14 19:19:35,2026-09-14,,
856909041,834641605,1789413586,1789413586224,0,1,0,834636512,4,0.01,4299.4,0.0,0.0,-7.79,0.0,GOLD,[sl 4299.29],,317365275,-7.79,2026-09-14 19:19:46,2026-09-14,,
856911875,834644201,1789413819,1789413819826,1,1,0,834643576,1,0.01,4303.48,0.0,0.0,2.22,0.0,GOLD,,"102,3299075360",317365275,2.22,2026-09-14 19:23:39,2026-09-14,,
856912133,834644423,1789413829,1789413829176,1,1,0,834641787,1,0.02,4303.95,0.0,0.0,8.92,0.0,GOLD,,"102,3299077520",317365275,8.92,2026-09-14 19:23:49,2026-09-14,,
856912552,834644822,1789413843,1789413843638,1,1,0,834641778,1,0.02,4304.58,0.0,0.0,10.18,0.0,GOLD,,"102,3299079862",317365275,10.18,2026-09-14 19:24:03,2026-09-14,,
856915604,834647777,1789414161,1789414161005,0,1,0,834647292,1,0.02,4300.25,0.0,0.0,-0.18,0.0,GOLD,,"102,3299107504",317365275,-0.18,2026-09-14 19:29:21,2026-09-14,,
856915847,834648014,1789414203,1789414203311,0,1,0,834647319,1,0.02,4299.96,0.0,0.0,0.26,0.0,GOLD,,"102,3299109785",317365275,0.26,2026-09-14 19:30:03,2026-09-14,,
856935741,834666738,1789416872,1789416872595,0,1,0,834664287,1,0.02,4312.45,0.0,0.0,-0.08,0.0,GOLD,,"102,3299280916",317365275,-0.08,2026-09-14 20:14:32,2026-09-14,,
856942223,834673051,1789418194,1789418194429,0,1,0,834671886,4,0.02,4310.43,0.0,0.0,0.1,0.0,GOLD,[sl 4310.37],,317365275,0.1,2026-09-14 20:36:34,2026-09-14,,
856955377,834685660,1789422236,1789422236592,0,1,0,834685409,1,0.02,4309.52,0.0,0.0,0.18,0.0,GOLD,,"102,3299471652",317365275,0.18,2026-09-14 21:43:56,2026-09-14,,
856980467,834709433,1789428511,1789428511428,0,1,0,834687618,1,0.01,4298.36,0.0,0.0,6.8,0.0,GOLD,,"102,3299665794",317365275,6.8,2026-09-14 23:28:31,2026-09-14,,
857016053,834741444,1789445953,1789445953429,0,1,0,834715217,4,0.01,4304.48,0.0,0.0,-8.6,0.0,GOLD,[sl 4303.74],,317365275,-8.6,2026-09-15 04:19:13,2026-09-15,,
857016059,834741449,1789445953,1789445953430,0,1,0,834731695,4,0.01,4304.48,0.0,0.0,-4.78,0.0,GOLD,[sl 4303.71],,317365275,-4.78,2026-09-15 04:19:13,2026-09-15,,
857016070,834741454,1789445953,1789445953433,0,1,0,834738641,4,0.01,4304.48,0.0,0.0,-3.67,0.0,GOLD,[sl 4303.72],,317365275,-3.67,2026-09-15 04:19:13,2026-09-15,,
857042233,834766403,1789450837,1789450837278,0,1,0,834742930,6,0.01,4317.42,0.0,0.0,-14.58,0.0,GOLD,[so 17.30%/4.47/25.84],,317365275,-14.58,2026-09-15 05:40:37,2026-09-15,,
857042313,834766493,1789450847,1789450847127,0,1,0,834742925,6,0.01,4317.59,0.0,0.0,-14.74,0.0,GOLD,[so 16.81%/3.62/21.54],,317365275,-14.74,2026-09-15 05:40:47,2026-09-15,,
857044340,834768466,1789451247,1789451247036,0,1,0,834742914,1,0.01,4313.67,0.0,0.0,-10.79,0.0,GOLD,,"102,3300256531",317365275,-10.79,2026-09-15 05:47:27,2026-09-15,,
857045511,834769536,1789451473,1789451473944,0,1,0,834756175,1,0.01,4315.99,0.0,0.0,-5.67,0.0,GOLD,,"102,3300268158",317365275,-5.67,2026-09-15 05:51:13,2026-09-15,,
857045727,834769749,1789451521,1789451521503,1,1,0,834769103,1,0.01,4313.71,0.0,0.0,-3.48,0.0,GOLD,,"102,3300270579",317365275,-3.48,2026-09-15 05:52:01,2026-09-15,,
857045741,834769762,1789451526,1789451526545,1,1,0,834769106,1,0.01,4314.43,0.0,0.0,-2.74,0.0,GOLD,,"102,3300270833",317365275,-2.74,2026-09-15 05:52:06,2026-09-15,,
857045799,834769819,1789451548,1789451548938,1,1,0,834769107,1,0.01,4314.82,0.0,0.0,-2.35,0.0,GOLD,,"102,3300271552",317365275,-2.35,2026-09-15 05:52:28,2026-09-15,,
857045800,834769821,1789451549,1789451549024,0,1,0,834756418,6,0.01,4315.38,0.0,0.0,-5.86,0.0,GOLD,[so 18.33%/1.58/8.62],,317365275,-5.86,2026-09-15 05:52:29,2026-09-15,,
857045808,834769826,1789451552,1789451552422,1,1,0,834769109,1,0.01,4315.27,0.0,0.0,-1.89,0.0,GOLD,,"102,3300271686",317365275,-1.89,2026-09-15 05:52:32,2026-09-15,,
857045810,834769828,1789451552,1789451552875,0,1,0,834756291,6,0.01,4315.77,0.0,0.0,-4.64,0.0,GOLD,[so 14.37%/1.24/8.63],,317365275,-4.64,2026-09-15 05:52:32,2026-09-15,,
857045813,834769830,1789451553,1789451553948,0,1,0,834769693,6,0.01,4316.16,0.0,0.0,-1.86,0.0,GOLD,[so 19.72%/0.85/4.31],,317365275,-1.86,2026-09-15 05:52:33,2026-09-15,,
857047854,834771819,1789452090,1789452090129,0,1,0,834770496,1,0.01,4311.45,0.0,0.0,0.04,0.0,GOLD,,"102,3300290955",317365275,0.04,2026-09-15 06:01:30,2026-09-15,,
857047912,834771876,1789452094,1789452094826,0,1,0,834770494,1,0.01,4310.75,0.0,0.0,0.71,0.0,GOLD,,"102,3300291508",317365275,0.71,2026-09-15 06:01:34,2026-09-15,,
857050106,834774011,1789452803,1789452803246,0,1,0,834770517,1,0.01,4311.53,0.0,0.0,0.08,0.0,GOLD,,"102,3300313361",317365275,0.08,2026-09-15 06:13:23,2026-09-15,,
857068947,834792244,1789457833,1789457833693,0,1,0,834770504,1,0.01,4302.11,0.0,0.0,9.54,0.0,GOLD,,"102,3300497762",317365275,9.54,2026-09-15 07:37:13,2026-09-15,,
857082013,834804759,1789460771,1789460771488,0,1,0,834797684,1,0.01,4297.16,0.0,0.0,7.27,0.0,GOLD,,"102,3300627816",317365275,7.27,2026-09-15 08:26:11,2026-09-15,,
857104343,834826235,1789463434,1789463434051,0,1,0,834770514,1,0.01,4289.31,0.0,0.0,22.24,0.0,GOLD,,"102,3300833733",317365275,22.24,2026-09-15 09:10:34,2026-09-15,,
857299937,835013070,1789489436,1789489436280,0,1,0,834997350,4,0.01,4289.37,0.0,0.0,0.24,0.0,GOLD,[sl 4289.28],,317365275,0.24,2026-09-15 16:23:56,2026-09-15,,
857312467,835025833,1789490393,1789490393889,0,1,0,835016237,1,0.01,4287.31,0.0,0.0,0.43,0.0,GOLD,,"102,3302783776",317365275,0.43,2026-09-15 16:39:53,2026-09-15,,
857320790,835036397,1789491124,1789491124271,0,1,0,835023648,4,0.01,4296.4,0.0,0.0,-4.69,0.0,GOLD,[sl 4296.32],,317365275,-4.69,2026-09-15 16:52:04,2026-09-15,,
857342779,835059252,1789492943,1789492943924,0,1,0,835037559,1,0.01,4288.29,0.0,0.0,5.5600000000000005,0.0,GOLD,,"102,3303053718",317365275,5.5600000000000005,2026-09-15 17:22:23,2026-09-15,,
857358110,835073817,1789493958,1789493958000,0,1,0,835037684,1,0.01,4276.97,0.0,0.0,21.17,0.0,GOLD,,"102,3303187398",317365275,21.17,2026-09-15 17:39:18,2026-09-15,,
857480633,835192819,1789523921,1789523921177,1,1,0,835191351,4,0.01,4289.59,0.0,0.0,-5.63,0.0,GOLD,[sl 4289.79],,317365275,-5.63,2026-09-16 01:58:41,2026-09-16,,
857480635,835192824,1789523921,1789523921180,1,1,0,835192139,4,0.01,4289.59,0.0,0.0,-3.74,0.0,GOLD,[sl 4289.80],,317365275,-3.74,2026-09-16 01:58:41,2026-09-16,,
857480642,835192827,1789523921,1789523921183,1,1,0,835192312,4,0.01,4289.59,0.0,0.0,-2.86,0.0,GOLD,[sl 4289.80],,317365275,-2.86,2026-09-16 01:58:41,2026-09-16,,
857491245,835202998,1789527850,1789527850616,0,1,0,835193576,1,0.01,4281.54,0.0,0.0,6.82,0.0,GOLD,,"102,3304405686",317365275,6.82,2026-09-16 03:04:10,2026-09-16,,
857507075,835218492,1789532118,1789532118326,0,1,0,835193121,4,0.01,4289.36,0.0,0.0,0.2,0.0,GOLD,[sl 4289.27],,317365275,0.2,2026-09-16 04:15:18,2026-09-16,,
857515690,835226718,1789534159,1789534159868,0,1,0,835218923,1,0.01,4286.45,0.0,0.0,1.2,0.0,GOLD,,"102,3304655573",317365275,1.2,2026-09-16 04:49:19,2026-09-16,,
857549585,835258799,1789538451,1789538451925,0,1,0,835219016,6,0.01,4324.49,0.0,0.0,-32.25,0.0,GOLD,[so 15.41%/3.98/25.82],,317365275,-32.25,2026-09-16 06:00:51,2026-09-16,,
857549593,835258808,1789538451,1789538451958,0,1,0,835218906,6,0.01,4324.49,0.0,0.0,-26.61,0.0,GOLD,[so 18.49%/3.98/21.53],,317365275,-26.61,2026-09-16 06:00:51,2026-09-16,,
857549791,835258986,1789538457,1789538457528,0,1,0,835234417,6,0.01,4324.78,0.0,0.0,-22.67,0.0,GOLD,[so 16.37%/2.82/17.23],,317365275,-22.67,2026-09-16 06:00:57,2026-09-16,,
857550181,835259364,1789538501,1789538501130,0,1,0,835242391,6,0.01,4325.09,0.0,0.0,-18.81,0.0,GOLD,[so 14.62%/1.89/12.93],,317365275,-18.81,2026-09-16 06:01:41,2026-09-16,,
857550301,835259460,1789538505,1789538505730,0,1,0,835246028,6,0.01,4325.38,0.0,0.0,-14.54,0.0,GOLD,[so 15.18%/1.31/8.63],,317365275,-14.54,2026-09-16 06:01:45,2026-09-16,,
857550533,835259671,1789538516,1789538516677,0,1,0,835234937,6,0.01,4325.95,0.0,0.0,-11.26,0.0,GOLD,[so 17.17%/0.74/4.31],,317365275,-11.26,2026-09-16 06:01:56,2026-09-16,,
857567047,835274762,1789540149,1789540149083,0,1,0,835263592,1,0.01,4333.73,0.0,0.0,-2.59,0.0,GOLD,,"102,3305097249",317365275,-2.59,2026-09-16 06:29:09,2026-09-16,,
857567048,835274760,1789540149,1789540149087,0,1,0,835263420,1,0.01,4333.73,0.0,0.0,-7.13,0.0,GOLD,,"102,3305097250",317365275,-7.13,2026-09-16 06:29:09,2026-09-16,,
857567049,835274761,1789540149,1789540149088,0,1,0,835263511,1,0.01,4333.73,0.0,0.0,-5.59,0.0,GOLD,,"102,3305097251",317365275,-5.59,2026-09-16 06:29:09,2026-09-16,,
857929654,835622535,1789592203,1789592203824,0,1,0,835586161,4,0.01,4351.04,0.0,0.0,0.29,0.0,GOLD,[sl 4351.04],,317365275,0.29,2026-09-16 20:56:43,2026-09-16,,
857953865,835645436,1789592424,1789592424243,0,1,0,835624925,1,0.01,4346.51,0.0,0.0,6.13,0.0,GOLD,,"102,3308499415",317365275,6.13,2026-09-16 21:00:24,2026-09-16,,
857958813,835649954,1789592468,1789592468498,0,1,0,835646892,1,0.01,4336.55,0.0,0.0,4.88,0.0,GOLD,,"102,3308539805",317365275,4.88,2026-09-16 21:01:08,2026-09-16,,
857966707,835656961,1789592567,1789592567941,0,1,0,835630308,1,0.01,4327.01,0.0,0.0,28.9,0.0,GOLD,,"102,3308609226",317365275,28.9,2026-09-16 21:02:47,2026-09-16,,
858131841,835809447,1789611496,1789611496126,0,1,0,835808015,4,0.01,4268.53,0.0,0.0,-8.41,0.0,GOLD,[sl 4268.34],,317365275,-8.41,2026-09-17 02:18:16,2026-09-17,,
858135545,835812844,1789613375,1789613375374,0,1,0,835808302,4,0.01,4276.03,0.0,0.0,-12.14,0.0,GOLD,[sl 4275.94],,317365275,-12.14,2026-09-17 02:49:35,2026-09-17,,
858138927,835816129,1789614583,1789614583024,0,1,0,835805952,4,0.01,4277.51,0.0,0.0,-10.24,0.0,GOLD,[sl 4277.45],,317365275,-10.24,2026-09-17 03:09:43,2026-09-17,,
858138954,835816153,1789614583,1789614583128,0,1,0,835810165,4,0.01,4277.84,0.0,0.0,-5.95,0.0,GOLD,[sl 4277.60],,317365275,-5.95,2026-09-17 03:09:43,2026-09-17,,
858138960,835816158,1789614583,1789614583132,0,1,0,835812880,4,0.01,4277.84,0.0,0.0,-3.85,0.0,GOLD,[sl 4277.59],,317365275,-3.85,2026-09-17 03:09:43,2026-09-17,,
858147820,835824623,1789616456,1789616456593,0,1,0,835818208,4,0.01,4290.7,0.0,0.0,-7.44,0.0,GOLD,[sl 4290.63],,317365275,-7.44,2026-09-17 03:40:56,2026-09-17,,
858147840,835824627,1789616456,1789616456598,0,1,0,835824400,4,0.01,4290.7,0.0,0.0,-3.15,0.0,GOLD,[sl 4290.68],,317365275,-3.15,2026-09-17 03:40:56,2026-09-17,,
858156976,835833418,1789617968,1789617968927,0,1,0,835825362,6,0.01,4301.39,0.0,0.0,-11.34,0.0,GOLD,[so 18.30%/1.57/8.58],,317365275,-11.34,2026-09-17 04:06:08,2026-09-17,,
858157069,835833495,1789617971,1789617971074,0,1,0,835825085,6,0.01,4302.12,0.0,0.0,-7.26,0.0,GOLD,[so 19.58%/0.84/4.29],,317365275,-7.26,2026-09-17 04:06:11,2026-09-17,,
860837996,838391048,1790220660,1790220660770,0,1,0,838381367,6,0.01,4292.97,0.0,0.0,-4.84,0.0,GOLD,[so 19.58%/0.84/4.29],,317365275,-4.84,2026-09-24 03:31:00,2026-09-24,,
863933700,841346431,1790861609,1790861609735,1,1,0,841337991,1,0.02,4167.33,0.0,0.0,9.68,0.0,GOLD,,"102,3361414044",317365275,9.68,2026-10-01 13:33:29,2026-10-01,,
863936996,841349452,1790861840,1790861840313,1,1,0,841337991,1,0.01,4170.52,0.0,0.0,8.03,0.0,GOLD,,"102,3361438287",317365275,8.03,2026-10-01 13:37:20,2026-10-01,,
864251596,841647745,1790911082,1790911082018,0,1,0,841640392,1,0.01,4168.93,0.0,0.0,8.62,0.0,GOLD,,"102,3364223372",317365275,8.62,2026-10-02 03:18:02,2026-10-02,,
864251721,841647870,1790911130,1790911130663,0,1,0,841640402,1,0.01,4169.65,0.0,0.0,13.81,0.0,GOLD,,"102,3364224527",317365275,13.81,2026-10-02 03:18:50,2026-10-02,,
864390459,841777510,1790933702,1790933702340,0,1,0,841742567,1,0.01,4185.9,0.0,0.0,2.64,0.0,GOLD,,"102,3365410054",317365275,2.64,2026-10-02 09:35:02,2026-10-02,,
864392888,841779776,1790933879,1790933879931,0,1,0,841735850,1,0.01,4183.48,0.0,0.0,-0.88,0.0,GOLD,,"102,3365428975",317365275,-0.88,2026-10-02 09:37:59,2026-10-02,,
864398297,841784876,1790934454,1790934454639,0,1,0,841769281,1,0.01,4181.23,0.0,0.0,11.12,0.0,GOLD,,"102,3365471156",317365275,11.12,2026-10-02 09:47:34,2026-10-02,,
4074648196,4482762782,1790935696,1790935696575,0,1,0,4482084063,1,0.03,4179.704,0.0,0.0,25.2,0.0,XAUUSDc,,,159109003,25.2,2026-10-02 10:08:16,2026-10-02,SELL,✋ ปิดมือ
4074721192,4482836274,1790936006,1790936006660,0,1,0,4480467904,1,0.02,4171.118,0.0,0.0,40.9,0.0,XAUUSDc,,,159109003,40.9,2026-10-02 10:13:26,2026-10-02,SELL,✋ ปิดมือ
4074725238,4482840570,1790936030,1790936030376,0,1,0,4480467494,1,0.01,4170.687,0.0,0.0,22.4,0.0,XAUUSDc,,,159109003,22.4,2026-10-02 10:13:50,2026-10-02,SELL,✋ ปิดมือ
4074838205,4482958978,1790936837,1790936837192,0,1,0,4480467904,1,0.01,4169.769,0.0,0.0,21.8,0.0,XAUUSDc,,,159109003,21.8,2026-10-02 10:27:17,2026-10-02,SELL,✋ ปิดมือ
4075503475,0,1790944202,1790944202286,0,1,0,4480467494,4,0.02,4217.112,0.0,0.0,-47.9,0.0,XAUUSDc,[sl 4197.27500],proactive,159109003,-47.9,2026-10-02 12:30:02,2026-10-02,SELL,🛑 SL
864821728,842180097,1790965591,1790965591228,1,1,0,842179255,1,0.01,4138.46,0.0,0.0,0.64,0.0,GOLD,,"102,3368867371",317365275,0.64,2026-10-02 18:26:31,2026-10-02,BUY,✋ ปิดมือ
864822871,842181176,1790965641,1790965641420,1,1,0,842179255,1,0.01,4142.54,0.0,0.0,4.72,0.0,GOLD,,"102,3368878047",317365275,4.72,2026-10-02 18:27:21,2026-10-02,BUY,✋ ปิดมือ
864833391,842191192,1790966464,1790966464182,1,1,0,842179255,4,0.01,4137.83,0.0,0.0,0.01,0.0,GOLD,[sl 4138.14],,317365275,0.01,2026-10-02 18:41:04,2026-10-02,BUY,🛑 SL
4076283093,4484556883,1790946008,1790946008970,1,1,0,4483869785,1,0.03,4219.129,0.0,0.0,2.2,0.0,XAUUSDc,,,159109003,2.2,2026-10-02 13:00:08,2026-10-02,BUY,✋ ปิดมือ
4076290250,4484564207,1790946022,1790946022811,1,1,0,4484091389,1,0.03,4219.678,0.0,0.0,-2.8,0.0,XAUUSDc,,,159109003,-2.8,2026-10-02 13:00:22,2026-10-02,BUY,✋ ปิดมือ
4076306793,4484581442,1790946073,1790946073290,1,1,0,4483949921,1,0.03,4222.29,0.0,0.0,-2.3,0.0,XAUUSDc,,,159109003,-2.3,2026-10-02 13:01:13,2026-10-02,BUY,✋ ปิดมือ
4076308354,4484583514,1790946079,1790946079020,1,1,0,4483951576,1,0.03,4222.1990000000005,0.0,0.0,-3.9,0.0,XAUUSDc,,,159109003,-3.9,2026-10-02 13:01:19,2026-10-02,BUY,✋ ปิดมือ
4076311644,4484586373,1790946084,1790946084030,1,1,0,4484177068,1,0.03,4220.362,0.0,0.0,18.7,0.0,XAUUSDc,,,159109003,18.7,2026-10-02 13:01:24,2026-10-02,BUY,✋ ปิดมือ
4076314485,4484589302,1790946097,1790946097376,1,1,0,4484000986,1,0.03,4221.275,0.0,0.0,25.1,0.0,XAUUSDc,,,159109003,25.1,2026-10-02 13:01:37,2026-10-02,BUY,✋ ปิดมือ
4076323526,4484598636,1790946120,1790946120171,1,1,0,4484200405,1,0.03,4222.726,0.0,0.0,33.7,0.0,XAUUSDc,,,159109003,33.7,2026-10-02 13:02:00,2026-10-02,BUY,✋ ปิดมือ
4078089724,4486465632,1790954118,1790954118315,1,1,0,4486354474,1,0.03,4146.804,0.0,0.0,0.3,0.0,XAUUSDc,,,159109003,0.3,2026-10-02 15:15:18,2026-10-02,BUY,✋ ปิดมือ
4078222623,4486601442,1790954729,1790954729207,1,1,0,4483880352,6,0.03,4135.176,0.0,0.0,-228.1,0.0,XAUUSDc,[so 0.00%/-7.10/0.00],,159109003,-228.1,2026-10-02 15:25:29,2026-10-02,BUY,💥 Stop Out
4078222721,4486601749,1790954729,1790954729222,1,1,0,4484222373,6,0.03,4135.08,0.0,0.0,-221.8,0.0,XAUUSDc,[so 0.00%/-29.00/0.00],,159109003,-221.8,2026-10-02 15:25:29,2026-10-02,BUY,💥 Stop Out
4078222805,4486601847,1790954729,1790954729238,1,1,0,4484217640,6,0.03,4135.007,0.0,0.0,-216.2,0.0,XAUUSDc,[so 0.00%/-33.20/0.00],,159109003,-216.2,2026-10-02 15:25:29,2026-10-02,BUY,💥 Stop Out
4078222866,4486601893,1790954729,1790954729246,1,1,0,4484107604,6,0.03,4135.007,0.0,0.0,-183.4,0.0,XAUUSDc,[so 0.00%/-37.20/0.00],,159109003,-183.4,2026-10-02 15:25:29,2026-10-02,BUY,💥 Stop Out
4078222909,4486601939,1790954729,1790954729253,1,1,0,4484116735,6,0.03,4135.007,0.0,0.0,-170.8,0.0,XAUUSDc,[so 0.00%/-37.20/0.00],,159109003,-170.8,2026-10-02 15:25:29,2026-10-02,BUY,💥 Stop Out
4078222952,4486601980,1790954729,1790954729261,1,1,0,4484109427,6,0.03,4135.007,0.0,0.0,-164.5,0.0,XAUUSDc,[so 0.00%/-37.20/0.00],,159109003,-164.5,2026-10-02 15:25:29,2026-10-02,BUY,💥 Stop Out
4078222973,4486602012,1790954729,1790954729264,1,1,0,4485729960,6,0.03,4135.073,0.0,0.0,-155.6,0.0,XAUUSDc,[so 0.00%/-34.00/0.00],,159109003,-155.6,2026-10-02 15:25:29,2026-10-02,BUY,💥 Stop Out
4078222995,4486602036,1790954729,1790954729266,1,1,0,4485285909,6,0.03,4135.073,0.0,0.0,-147.1,0.0,XAUUSDc,[so 0.00%/-34.00/0.00],,159109003,-147.1,2026-10-02 15:25:29,2026-10-02,BUY,💥 Stop Out
4078223032,4486602052,1790954729,1790954729272,1,1,0,4485426524,6,0.03,4135.073,0.0,0.0,-136.3,0.0,XAUUSDc,[so 0.00%/-34.00/0.00],,159109003,-136.3,2026-10-02 15:25:29,2026-10-02,BUY,💥 Stop Out
4078223050,4486602085,1790954729,1790954729274,1,1,0,4485839437,6,0.03,4135.073,0.0,0.0,-126.5,0.0,XAUUSDc,[so 0.00%/-34.00/0.00],,159109003,-126.5,2026-10-02 15:25:29,2026-10-02,BUY,💥 Stop Out
4078223064,4486602106,1790954729,1790954729277,1,1,0,4485851396,6,0.03,4135.073,0.0,0.0,-120.0,0.0,XAUUSDc,[so 0.00%/-34.00/0.00],,159109003,-120.0,2026-10-02 15:25:29,2026-10-02,BUY,💥 Stop Out
4078223096,4486602130,1790954729,1790954729283,1,1,0,4486095089,6,0.03,4135.073,0.0,0.0,-107.6,0.0,XAUUSDc,[so 0.00%/-34.00/0.00],,159109003,-107.6,2026-10-02 15:25:29,2026-10-02,BUY,💥 Stop Out
4078223127,4486602166,1790954729,1790954729287,1,1,0,4486097795,6,0.03,4135.073,0.0,0.0,-98.3,0.0,XAUUSDc,[so 0.00%/-34.00/0.00],,159109003,-98.3,2026-10-02 15:25:29,2026-10-02,BUY,💥 Stop Out
4078223168,4486602200,1790954729,1790954729294,1,1,0,4486100604,6,0.03,4135.073,0.0,0.0,-94.2,0.0,XAUUSDc,[so 0.00%/-34.00/0.00],,159109003,-94.2,2026-10-02 15:25:29,2026-10-02,BUY,💥 Stop Out
4078223205,4486602238,1790954729,1790954729299,1,1,0,4486167147,6,0.03,4135.073,0.0,0.0,-83.8,0.0,XAUUSDc,[so 0.00%/-34.00/0.00],,159109003,-83.8,2026-10-02 15:25:29,2026-10-02,BUY,💥 Stop Out
4078223227,4486602267,1790954729,1790954729303,1,1,0,4486183421,6,0.03,4135.073,0.0,0.0,-72.6,0.0,XAUUSDc,[so 0.00%/-34.00/0.00],,159109003,-72.6,2026-10-02 15:25:29,2026-10-02,BUY,💥 Stop Out
4078223243,4486602287,1790954729,1790954729305,1,1,0,4486196610,6,0.03,4135.073,0.0,0.0,-68.1,0.0,XAUUSDc,[so 0.00%/-34.00/0.00],,159109003,-68.1,2026-10-02 15:25:29,2026-10-02,BUY,💥 Stop Out
4078223263,4486602304,1790954729,1790954729308,1,1,0,4486279804,6,0.03,4135.073,0.0,0.0,-56.5,0.0,XAUUSDc,[so 0.00%/-34.00/0.00],,159109003,-56.5,2026-10-02 15:25:29,2026-10-02,BUY,💥 Stop Out
4078223290,4486602327,1790954729,1790954729311,1,1,0,4486374041,6,0.03,4135.073,0.0,0.0,-34.2,0.0,XAUUSDc,[so 0.00%/-34.00/0.00],,159109003,-34.2,2026-10-02 15:25:29,2026-10-02,BUY,💥 Stop Out
4078223317,4486602357,1790954729,1790954729315,1,1,0,4486426018,6,0.03,4135.073,0.0,0.0,-26.0,0.0,XAUUSDc,[so 0.00%/-34.00/0.00],,159109003,-26.0,2026-10-02 15:25:29,2026-10-02,BUY,💥 Stop Out
4078223337,4486602383,1790954729,1790954729318,1,1,0,4486542570,6,0.03,4135.073,0.0,0.0,-18.8,0.0,XAUUSDc,[so 0.00%/-34.00/0.00],,159109003,-18.8,2026-10-02 15:25:29,2026-10-02,BUY,💥 Stop Out
4078223358,4486602409,1790954729,1790954729321,1,1,0,4486580022,6,0.03,4135.073,0.0,0.0,-12.0,0.0,XAUUSDc,[so 0.00%/-34.00/0.00],,159109003,-12.0,2026-10-02 15:25:29,2026-10-02,BUY,💥 Stop Out
865074792,842413547,1791180407,1791180407499,1,1,0,842364904,1,0.01,4137.55,0.0,0.0,-18.25,0.0,GOLD,,"102,3370819527",317365275,-18.25,2026-10-05 06:06:47,2026-10-05,BUY,✋ ปิดมือ
865074944,842413695,1791180413,1791180413759,1,1,0,842371220,1,0.02,4137.79,0.0,0.0,-6.78,0.0,GOLD,,"102,3370820666",317365275,-6.78,2026-10-05 06:06:53,2026-10-05,BUY,✋ ปิดมือ
865074993,842413747,1791180417,1791180417191,1,1,0,842375990,1,0.01,4138.01,0.0,0.0,-6.58,0.0,GOLD,,"102,3370821023",317365275,-6.58,2026-10-05 06:06:57,2026-10-05,BUY,✋ ปิดมือ
865085643,842424070,1791182022,1791182022225,0,1,0,842413455,6,0.02,4145.38,0.0,0.0,-16.42,0.0,GOLD,[so 19.87%/6.58/33.11],,317365275,-16.42,2026-10-05 06:33:42,2026-10-05,SELL,💥 Stop Out
865085712,842424128,1791182024,1791182024322,0,1,0,842416643,6,0.02,4145.81,0.0,0.0,-15.08,0.0,GOLD,[so 16.11%/4.00/24.83],,317365275,-15.08,2026-10-05 06:33:44,2026-10-05,SELL,💥 Stop Out
865085769,842424183,1791182024,1791182024433,0,1,0,842416678,6,0.02,4146.26,0.0,0.0,-12.48,0.0,GOLD,[so 13.29%/2.20/16.56],,317365275,-12.48,2026-10-05 06:33:44,2026-10-05,SELL,💥 Stop Out
865086103,842424513,1791182039,1791182039830,0,1,0,842413200,6,0.01,4146.73,0.0,0.0,-8.98,0.0,GOLD,[so 15.22%/1.26/8.28],,317365275,-8.98,2026-10-05 06:33:59,2026-10-05,SELL,💥 Stop Out
865086483,842424871,1791182082,1791182082711,0,1,0,842413093,1,0.01,4145.33,0.0,0.0,-7.1,0.0,GOLD,,"102,3370915803",317365275,-7.1,2026-10-05 06:34:42,2026-10-05,SELL,✋ ปิดมือ
865086619,842424997,1791182112,1791182112073,1,1,0,842424797,6,0.01,4143.65,0.0,0.0,-2.04,0.0,GOLD,[so 14.94%/0.62/4.15],,317365275,-2.04,2026-10-05 06:35:12,2026-10-05,BUY,💥 Stop Out
4082104833,4491065228,1791169638,1791169638987,1,1,0,4489706064,1,0.03,4137.68,0.0,0.0,-15.5,0.0,XAUUSDc,,,159109003,-15.5,2026-10-05 03:07:18,2026-10-05,BUY,✋ ปิดมือ
4082105563,4491066199,1791169642,1791169642283,1,1,0,4489706359,1,0.03,4138.064,0.0,0.0,-21.4,0.0,XAUUSDc,,,159109003,-21.4,2026-10-05 03:07:22,2026-10-05,BUY,✋ ปิดมือ
4082106008,4491066719,1791169645,1791169645430,1,1,0,4489840565,1,0.03,4138.174,0.0,0.0,-5.7,0.0,XAUUSDc,,,159109003,-5.7,2026-10-05 03:07:25,2026-10-05,BUY,✋ ปิดมือ
4082106678,4491067448,1791169648,1791169648613,1,1,0,4490169539,1,0.03,4138.817,0.0,0.0,-52.3,0.0,XAUUSDc,,,159109003,-52.3,2026-10-05 03:07:28,2026-10-05,BUY,✋ ปิดมือ
4082107041,4491067884,1791169651,1791169651722,1,1,0,4490270300,1,0.03,4137.7570000000005,0.0,0.0,-31.9,0.0,XAUUSDc,,,159109003,-31.9,2026-10-05 03:07:31,2026-10-05,BUY,✋ ปิดมือ
4082107542,4491068463,1791169654,1791169654951,1,1,0,4490483689,1,0.03,4137.084,0.0,0.0,-66.5,0.0,XAUUSDc,,,159109003,-66.5,2026-10-05 03:07:34,2026-10-05,BUY,✋ ปิดมือ
4082287194,4491261781,1791171247,1791171247808,0,1,0,4491064148,1,0.03,4145.719,0.0,0.0,-23.5,0.0,XAUUSDc,,,159109003,-23.5,2026-10-05 03:34:07,2026-10-05,SELL,✋ ปิดมือ
4082287196,4491261782,1791171247,1791171247809,0,1,0,4491064188,1,0.03,4145.719,0.0,0.0,-23.9,0.0,XAUUSDc,,,159109003,-23.9,2026-10-05 03:34:07,2026-10-05,SELL,✋ ปิดมือ
4082287197,4491261783,1791171247,1791171247810,0,1,0,4491070742,1,0.03,4145.719,0.0,0.0,-18.1,0.0,XAUUSDc,,,159109003,-18.1,2026-10-05 03:34:07,2026-10-05,SELL,✋ ปิดมือ
4082287198,4491261784,1791171247,1791171247810,0,1,0,4491071787,1,0.03,4145.719,0.0,0.0,-14.2,0.0,XAUUSDc,,,159109003,-14.2,2026-10-05 03:34:07,2026-10-05,SELL,✋ ปิดมือ
4082287199,4491261785,1791171247,1791171247810,0,1,0,4491092503,1,0.03,4145.719,0.0,0.0,-23.6,0.0,XAUUSDc,,,159109003,-23.6,2026-10-05 03:34:07,2026-10-05,SELL,✋ ปิดมือ
4082287200,4491261786,1791171247,1791171247810,0,1,0,4491095830,1,0.03,4145.719,0.0,0.0,-20.0,0.0,XAUUSDc,,,159109003,-20.0,2026-10-05 03:34:07,2026-10-05,SELL,✋ ปิดมือ
4082287201,4491261787,1791171247,1791171247810,0,1,0,4491166574,1,0.03,4145.719,0.0,0.0,-13.1,0.0,XAUUSDc,,,159109003,-13.1,2026-10-05 03:34:07,2026-10-05,SELL,✋ ปิดมือ
4082287202,4491261788,1791171247,1791171247810,0,1,0,4491167399,1,0.03,4145.719,0.0,0.0,-9.5,0.0,XAUUSDc,,,159109003,-9.5,2026-10-05 03:34:07,2026-10-05,SELL,✋ ปิดมือ
4082287203,4491261789,1791171247,1791171247817,0,1,0,4491167972,1,0.03,4145.719,0.0,0.0,-5.8,0.0,XAUUSDc,,,159109003,-5.8,2026-10-05 03:34:07,2026-10-05,SELL,✋ ปิดมือ
4082434405,4491423923,1791172940,1791172940242,1,1,0,4491262218,1,0.03,4142.8060000000005,0.0,0.0,-8.3,0.0,XAUUSDc,,,159109003,-8.3,2026-10-05 04:02:20,2026-10-05,BUY,✋ ปิดมือ
4082434406,4491423925,1791172940,1791172940242,1,1,0,4491263968,1,0.03,4142.8060000000005,0.0,0.0,-6.5,0.0,XAUUSDc,,,159109003,-6.5,2026-10-05 04:02:20,2026-10-05,BUY,✋ ปิดมือ
4082434407,4491423924,1791172940,1791172940243,1,1,0,4491262665,1,0.03,4142.8060000000005,0.0,0.0,-7.6,0.0,XAUUSDc,,,159109003,-7.6,2026-10-05 04:02:20,2026-10-05,BUY,✋ ปิดมือ
4082434408,4491423926,1791172940,1791172940243,1,1,0,4491267449,1,0.03,4142.8060000000005,0.0,0.0,-7.0,0.0,XAUUSDc,,,159109003,-7.0,2026-10-05 04:02:20,2026-10-05,BUY,✋ ปิดมือ
4082434409,4491423927,1791172940,1791172940243,1,1,0,4491267925,1,0.03,4142.8060000000005,0.0,0.0,-5.7,0.0,XAUUSDc,,,159109003,-5.7,2026-10-05 04:02:20,2026-10-05,BUY,✋ ปิดมือ
4082434410,4491423928,1791172940,1791172940243,1,1,0,4491268431,1,0.03,4142.8060000000005,0.0,0.0,-4.9,0.0,XAUUSDc,,,159109003,-4.9,2026-10-05 04:02:20,2026-10-05,BUY,✋ ปิดมือ
4082434411,4491423929,1791172940,1791172940243,1,1,0,4491271759,1,0.03,4142.8060000000005,0.0,0.0,-2.2,0.0,XAUUSDc,,,159109003,-2.2,2026-10-05 04:02:20,2026-10-05,BUY,✋ ปิดมือ
4082434412,4491423930,1791172940,1791172940243,1,1,0,4491273032,1,0.03,4142.8060000000005,0.0,0.0,-3.2,0.0,XAUUSDc,,,159109003,-3.2,2026-10-05 04:02:20,2026-10-05,BUY,✋ ปิดมือ
4082594201,4491590545,1791173940,1791173940407,0,1,0,4491548686,1,0.03,4131.312,0.0,0.0,11.8,0.0,XAUUSDc,,,159109003,11.8,2026-10-05 04:19:00,2026-10-05,SELL,✋ ปิดมือ
4082594815,4491591115,1791173945,1791173945133,0,1,0,4491548614,1,0.03,4131.921,0.0,0.0,9.9,0.0,XAUUSDc,,,159109003,9.9,2026-10-05 04:19:05,2026-10-05,SELL,✋ ปิดมือ
4082664774,4491665086,1791174514,1791174514376,0,1,0,4491423416,1,0.03,4129.014,0.0,0.0,41.3,0.0,XAUUSDc,,,159109003,41.3,2026-10-05 04:28:34,2026-10-05,SELL,✋ ปิดมือ
4082665719,4491666144,1791174518,1791174518915,0,1,0,4491423386,1,0.03,4128.766,0.0,0.0,42.1,0.0,XAUUSDc,,,159109003,42.1,2026-10-05 04:28:38,2026-10-05,SELL,✋ ปิดมือ
4082666818,4491667129,1791174530,1791174530975,0,1,0,4491423362,1,0.03,4128.912,0.0,0.0,42.9,0.0,XAUUSDc,,,159109003,42.9,2026-10-05 04:28:50,2026-10-05,SELL,✋ ปิดมือ
4082667702,4491668161,1791174540,1791174540293,0,1,0,4491423330,1,0.03,4129.059,0.0,0.0,42.6,0.0,XAUUSDc,,,159109003,42.6,2026-10-05 04:29:00,2026-10-05,SELL,✋ ปิดมือ
4082668470,4491669178,1791174549,1791174549744,0,1,0,4491423165,1,0.03,4128.831,0.0,0.0,42.4,0.0,XAUUSDc,,,159109003,42.4,2026-10-05 04:29:09,2026-10-05,SELL,✋ ปิดมือ
4082671398,0,1791174565,1791174565368,0,1,0,4491423193,5,0.03,4127.525,0.0,0.0,46.3,0.0,XAUUSDc,[tp 4127.52500],proactive,159109003,46.3,2026-10-05 04:29:25,2026-10-05,SELL,🎯 TP
4082671403,0,1791174565,1791174565369,0,1,0,4491423217,5,0.03,4127.525,0.0,0.0,47.2,0.0,XAUUSDc,[tp 4127.52500],proactive,159109003,47.2,2026-10-05 04:29:25,2026-10-05,SELL,🎯 TP
4082695264,4491694944,1791174593,1791174593619,0,1,0,4491423322,1,0.03,4126.761,0.0,0.0,49.5,0.0,XAUUSDc,,,159109003,49.5,2026-10-05 04:29:53,2026-10-05,SELL,✋ ปิดมือ
4083307812,0,1791180094,1791180094169,0,1,0,4491423286,4,0.03,4142.869,0.0,0.0,1.2,0.0,XAUUSDc,[sl 4142.86900],proactive,159109003,1.2,2026-10-05 06:01:34,2026-10-05,SELL,🛑 SL
4083319127,4492361538,1791180126,1791180126799,0,1,0,4491770620,1,0.03,4142.131,0.0,0.0,-33.7,0.0,XAUUSDc,,,159109003,-33.7,2026-10-05 06:02:06,2026-10-05,SELL,✋ ปิดมือ
4083319129,4492361540,1791180126,1791180126801,0,1,0,4491772607,1,0.03,4142.131,0.0,0.0,-22.9,0.0,XAUUSDc,,,159109003,-22.9,2026-10-05 06:02:06,2026-10-05,SELL,✋ ปิดมือ
4083319130,4492361541,1791180126,1791180126801,0,1,0,4492012724,1,0.03,4142.131,0.0,0.0,-11.9,0.0,XAUUSDc,,,159109003,-11.9,2026-10-05 06:02:06,2026-10-05,SELL,✋ ปิดมือ
4083319131,4492361539,1791180126,1791180126801,0,1,0,4491771638,1,0.03,4142.131,0.0,0.0,-28.5,0.0,XAUUSDc,,,159109003,-28.5,2026-10-05 06:02:06,2026-10-05,SELL,✋ ปิดมือ
4083436383,4492484760,1791180840,1791180840051,1,1,0,4492443919,1,0.03,4150.161,0.0,0.0,10.6,0.0,XAUUSDc,,,159109003,10.6,2026-10-05 06:14:00,2026-10-05,BUY,✋ ปิดมือ
4083439003,4492486062,1791180849,1791180849816,1,1,0,4492430182,1,0.03,4151.858,0.0,0.0,19.8,0.0,XAUUSDc,,,159109003,19.8,2026-10-05 06:14:09,2026-10-05,BUY,✋ ปิดมือ
4083448893,4492497338,1791180868,1791180868509,1,1,0,4492427863,1,0.03,4152.051,0.0,0.0,19.4,0.0,XAUUSDc,,,159109003,19.4,2026-10-05 06:14:28,2026-10-05,BUY,✋ ปิดมือ
4083452273,4492500808,1791180878,1791180878173,1,1,0,4492374928,1,0.03,4152.845,0.0,0.0,26.5,0.0,XAUUSDc,,,159109003,26.5,2026-10-05 06:14:38,2026-10-05,BUY,✋ ปิดมือ
4083453480,4492502127,1791180884,1791180884464,1,1,0,4492370689,1,0.03,4152.153,0.0,0.0,26.7,0.0,XAUUSDc,,,159109003,26.7,2026-10-05 06:14:44,2026-10-05,BUY,✋ ปิดมือ
4083454436,4492503082,1791180891,1791180891943,1,1,0,4492363031,1,0.03,4152.035,0.0,0.0,27.1,0.0,XAUUSDc,,,159109003,27.1,2026-10-05 06:14:51,2026-10-05,BUY,✋ ปิดมือ
4083456487,4492505510,1791180901,1791180901757,1,1,0,4492363300,1,0.03,4151.371,0.0,0.0,25.5,0.0,XAUUSDc,,,159109003,25.5,2026-10-05 06:15:01,2026-10-05,BUY,✋ ปิดมือ
4083457242,4492506401,1791180907,1791180907525,1,1,0,4492363175,1,0.03,4152.068,0.0,0.0,27.8,0.0,XAUUSDc,,,159109003,27.8,2026-10-05 06:15:07,2026-10-05,BUY,✋ ปิดมือ
4083504166,4492556801,1791181237,1791181237031,1,1,0,4492363439,1,0.03,4148.683,0.0,0.0,19.5,0.0,XAUUSDc,,,159109003,19.5,2026-10-05 06:20:37,2026-10-05,BUY,✋ ปิดมือ
4083506453,4492559218,1791181243,1791181243036,1,1,0,4492369599,1,0.03,4148.877,0.0,0.0,19.5,0.0,XAUUSDc,,,159109003,19.5,2026-10-05 06:20:43,2026-10-05,BUY,✋ ปิดมือ
4083645233,0,1791182342,1791182342863,1,1,0,4492570441,4,0.03,4148.7,0.0,0.0,0.6,0.0,XAUUSDc,[sl 4148.70000],proactive,159109003,0.6,2026-10-05 06:39:02,2026-10-05,BUY,🛑 SL
4083948946,0,1791185067,1791185067328,1,1,0,4492801290,4,0.03,4151.385,0.0,0.0,1.4,0.0,XAUUSDc,[sl 4151.38500],proactive,159109003,1.4,2026-10-05 07:24:27,2026-10-05,BUY,🛑 SL
4084872477,4494059854,1791193503,1791193503016,1,1,0,4492363652,4,0.03,4158.616,0.0,0.0,50.0,0.0,XAUUSDc,[sl 4158.616],,159109003,50.0,2026-10-05 09:45:03,2026-10-05,BUY,🛑 SL
4085006443,4494207588,1791195478,1791195478623,1,1,0,4492366617,1,0.03,4156.349,0.0,0.0,45.0,0.0,XAUUSDc,,,159109003,45.0,2026-10-05 10:17:58,2026-10-05,BUY,✋ ปิดมือ
4086011320,4495293400,1791205705,1791205705710,0,1,0,4494691912,1,0.03,4149.169,0.0,0.0,14.3,0.0,XAUUSDc,,,159109003,14.3,2026-10-05 13:08:25,2026-10-05,SELL,✋ ปิดมือ
4086218660,4495525092,1791207607,1791207607520,0,1,0,4494048487,1,0.03,4143.583,0.0,0.0,46.6,0.0,XAUUSDc,,,159109003,46.6,2026-10-05 13:40:07,2026-10-05,SELL,✋ ปิดมือ
4086235122,4495543439,1791207674,1791207674823,0,1,0,4494695161,1,0.01,4141.778,0.0,0.0,23.2,0.0,XAUUSDc,,,159109003,23.2,2026-10-05 13:41:14,2026-10-05,SELL,✋ ปิดมือ
4086297030,4495611417,1791207963,1791207963272,0,1,0,4494695161,1,0.01,4133.858,0.0,0.0,31.1,0.0,XAUUSDc,,,159109003,31.1,2026-10-05 13:46:03,2026-10-05,SELL,✋ ปิดมือ
4087603219,0,1791217655,1791217655417,1,1,0,4496688858,4,0.03,4126.509,0.0,0.0,-40.7,0.0,XAUUSDc,[sl 4126.50900],proactive,159109003,-40.7,2026-10-05 16:27:35,2026-10-05,BUY,🛑 SL
4087605567,0,1791217667,1791217667448,0,1,0,4494695161,5,0.01,4126.46,0.0,0.0,38.5,0.0,XAUUSDc,[tp 4126.46000],proactive,159109003,38.5,2026-10-05 16:27:47,2026-10-05,SELL,🎯 TP
4087915121,4497375372,1791222810,1791222810154,1,1,0,4496956953,1,0.03,4135.655,0.0,0.0,17.0,0.0,XAUUSDc,,,159109003,17.0,2026-10-05 17:53:30,2026-10-05,BUY,✋ ปิดมือ
4089221480,0,1791254087,1791254087108,1,1,0,4496982643,4,0.03,4122.387,0.0,0.0,-12.2,0.0,XAUUSDc,[sl 4122.38700],proactive,159109003,-12.2,2026-10-06 02:34:47,2026-10-06,BUY,🛑 SL
4089274565,4498991147,1791254112,1791254112845,1,1,0,4498589778,1,0.03,4114.158,0.0,0.0,-55.8,0.0,XAUUSDc,,,159109003,-55.8,2026-10-06 02:35:12,2026-10-06,BUY,✋ ปิดมือ
4089274892,4498991142,1791254112,1791254112928,1,1,0,4498386897,1,0.03,4114.036,0.0,0.0,-104.5,0.0,XAUUSDc,,,159109003,-104.5,2026-10-06 02:35:12,2026-10-06,BUY,✋ ปิดมือ
4089274974,4498991149,1791254112,1791254112946,1,1,0,4498877920,1,0.03,4114.036,0.0,0.0,-34.0,0.0,XAUUSDc,,,159109003,-34.0,2026-10-06 02:35:12,2026-10-06,BUY,✋ ปิดมือ
4089275131,4498991141,1791254112,1791254112971,1,1,0,4498237393,1,0.03,4113.984,0.0,0.0,-70.3,0.0,XAUUSDc,,,159109003,-70.3,2026-10-06 02:35:12,2026-10-06,BUY,✋ ปิดมือ
4089275307,4498991144,1791254112,1791254112997,1,1,0,4498498695,1,0.03,4113.776,0.0,0.0,-77.1,0.0,XAUUSDc,,,159109003,-77.1,2026-10-06 02:35:12,2026-10-06,BUY,✋ ปิดมือ
4089275381,4498991145,1791254113,1791254113007,1,1,0,4498513626,1,0.03,4113.776,0.0,0.0,-62.9,0.0,XAUUSDc,,,159109003,-62.9,2026-10-06 02:35:13,2026-10-06,BUY,✋ ปิดมือ
4089275474,4498991143,1791254113,1791254113038,1,1,0,4498469749,1,0.03,4113.6990000000005,0.0,0.0,-92.8,0.0,XAUUSDc,,,159109003,-92.8,2026-10-06 02:35:13,2026-10-06,BUY,✋ ปิดมือ
4089275721,4498991150,1791254113,1791254113095,1,1,0,4498878913,1,0.03,4113.842,0.0,0.0,-30.2,0.0,XAUUSDc,,,159109003,-30.2,2026-10-06 02:35:13,2026-10-06,BUY,✋ ปิดมือ
4089276125,4498991148,1791254113,1791254113222,1,1,0,4498686556,1,0.03,4113.249,0.0,0.0,-47.6,0.0,XAUUSDc,,,159109003,-47.6,2026-10-06 02:35:13,2026-10-06,BUY,✋ ปิดมือ
4089276130,4498991140,1791254113,1791254113223,1,1,0,4498184040,1,0.03,4113.3640000000005,0.0,0.0,-87.1,0.0,XAUUSDc,,,159109003,-87.1,2026-10-06 02:35:13,2026-10-06,BUY,✋ ปิดมือ
4089451110,4499177490,1791254977,1791254977862,0,1,0,4499009386,6,0.03,4127.289,0.0,0.0,-68.5,0.0,XAUUSDc,[so 0.00%/-1.60/0.00],,159109003,-68.5,2026-10-06 02:49:37,2026-10-06,SELL,💥 Stop Out
4089451112,4499177491,1791254977,1791254977863,0,1,0,4499007687,6,0.03,4127.289,0.0,0.0,-66.0,0.0,XAUUSDc,[so 0.00%/-1.60/0.00],,159109003,-66.0,2026-10-06 02:49:37,2026-10-06,SELL,💥 Stop Out
4089451113,4499177492,1791254977,1791254977864,0,1,0,4499010063,6,0.03,4127.289,0.0,0.0,-65.7,0.0,XAUUSDc,[so 0.00%/-1.60/0.00],,159109003,-65.7,2026-10-06 02:49:37,2026-10-06,SELL,💥 Stop Out
4089451115,4499177493,1791254977,1791254977866,0,1,0,4499011209,6,0.03,4127.289,0.0,0.0,-64.2,0.0,XAUUSDc,[so 0.00%/-1.60/0.00],,159109003,-64.2,2026-10-06 02:49:37,2026-10-06,SELL,💥 Stop Out
4089451116,4499177494,1791254977,1791254977867,0,1,0,4499011319,6,0.03,4127.289,0.0,0.0,-64.2,0.0,XAUUSDc,[so 0.00%/-1.60/0.00],,159109003,-64.2,2026-10-06 02:49:37,2026-10-06,SELL,💥 Stop Out
4089451118,4499177495,1791254977,1791254977868,0,1,0,4499008544,6,0.03,4127.289,0.0,0.0,-64.1,0.0,XAUUSDc,[so 0.00%/-1.60/0.00],,159109003,-64.1,2026-10-06 02:49:37,2026-10-06,SELL,💥 Stop Out
4089451119,4499177496,1791254977,1791254977870,0,1,0,4499010902,6,0.03,4127.289,0.0,0.0,-63.1,0.0,XAUUSDc,[so 0.00%/-1.60/0.00],,159109003,-63.1,2026-10-06 02:49:37,2026-10-06,SELL,💥 Stop Out
4089451120,4499177497,1791254977,1791254977871,0,1,0,4499011723,6,0.03,4127.289,0.0,0.0,-63.0,0.0,XAUUSDc,[so 0.00%/-1.60/0.00],,159109003,-63.0,2026-10-06 02:49:37,2026-10-06,SELL,💥 Stop Out
4089451121,4499177498,1791254977,1791254977872,0,1,0,4499011410,6,0.03,4127.289,0.0,0.0,-62.9,0.0,XAUUSDc,[so 0.00%/-1.60/0.00],,159109003,-62.9,2026-10-06 02:49:37,2026-10-06,SELL,💥 Stop Out
4089451122,4499177499,1791254977,1791254977876,0,1,0,4499012652,6,0.03,4127.289,0.0,0.0,-62.9,0.0,XAUUSDc,[so 0.00%/-1.60/0.00],,159109003,-62.9,2026-10-06 02:49:37,2026-10-06,SELL,💥 Stop Out
4089451123,4499177501,1791254977,1791254977877,0,1,0,4499006976,6,0.03,4127.289,0.0,0.0,-62.0,0.0,XAUUSDc,[so 0.00%/-1.60/0.00],,159109003,-62.0,2026-10-06 02:49:37,2026-10-06,SELL,💥 Stop Out
4089451124,4499177502,1791254977,1791254977878,0,1,0,4499012106,6,0.03,4127.289,0.0,0.0,-60.3,0.0,XAUUSDc,[so 0.00%/-1.60/0.00],,159109003,-60.3,2026-10-06 02:49:37,2026-10-06,SELL,💥 Stop Out
4089451125,4499177503,1791254977,1791254977879,0,1,0,4499013153,6,0.03,4127.289,0.0,0.0,-60.3,0.0,XAUUSDc,[so 0.00%/-1.60/0.00],,159109003,-60.3,2026-10-06 02:49:37,2026-10-06,SELL,💥 Stop Out
4089451126,4499177504,1791254977,1791254977880,0,1,0,4499014027,6,0.03,4127.289,0.0,0.0,-60.3,0.0,XAUUSDc,[so 0.00%/-1.60/0.00],,159109003,-60.3,2026-10-06 02:49:37,2026-10-06,SELL,💥 Stop Out
4089451129,4499177506,1791254977,1791254977881,0,1,0,4499015175,6,0.03,4127.289,0.0,0.0,-55.2,0.0,XAUUSDc,[so 0.00%/-1.60/0.00],,159109003,-55.2,2026-10-06 02:49:37,2026-10-06,SELL,💥 Stop Out
4089451130,4499177507,1791254977,1791254977883,0,1,0,4499014647,6,0.03,4127.289,0.0,0.0,-54.3,0.0,XAUUSDc,[so 0.00%/-1.60/0.00],,159109003,-54.3,2026-10-06 02:49:37,2026-10-06,SELL,💥 Stop Out
4089451131,4499177508,1791254977,1791254977884,0,1,0,4499015765,6,0.03,4127.289,0.0,0.0,-54.0,0.0,XAUUSDc,[so 0.00%/-1.60/0.00],,159109003,-54.0,2026-10-06 02:49:37,2026-10-06,SELL,💥 Stop Out
4089451132,4499177510,1791254977,1791254977886,0,1,0,4499016738,6,0.03,4127.289,0.0,0.0,-51.2,0.0,XAUUSDc,[so 0.00%/-1.60/0.00],,159109003,-51.2,2026-10-06 02:49:37,2026-10-06,SELL,💥 Stop Out
4089451138,4499177515,1791254977,1791254977887,0,1,0,4499017547,6,0.03,4127.289,0.0,0.0,-51.2,0.0,XAUUSDc,[so 0.00%/-1.60/0.00],,159109003,-51.2,2026-10-06 02:49:37,2026-10-06,SELL,💥 Stop Out
4089451140,4499177517,1791254977,1791254977889,0,1,0,4499018390,6,0.03,4127.289,0.0,0.0,-51.2,0.0,XAUUSDc,[so 0.00%/-1.60/0.00],,159109003,-51.2,2026-10-06 02:49:37,2026-10-06,SELL,💥 Stop Out
4089451142,4499177519,1791254977,1791254977891,0,1,0,4499018068,6,0.03,4127.289,0.0,0.0,-51.1,0.0,XAUUSDc,[so 0.00%/-1.60/0.00],,159109003,-51.1,2026-10-06 02:49:37,2026-10-06,SELL,💥 Stop Out
4089451143,4499177520,1791254977,1791254977892,0,1,0,4499018691,6,0.03,4127.289,0.0,0.0,-51.1,0.0,XAUUSDc,[so 0.00%/-1.60/0.00],,159109003,-51.1,2026-10-06 02:49:37,2026-10-06,SELL,💥 Stop Out
4089451146,4499177521,1791254977,1791254977893,0,1,0,4499016352,6,0.03,4127.289,0.0,0.0,-50.7,0.0,XAUUSDc,[so 0.00%/-1.60/0.00],,159109003,-50.7,2026-10-06 02:49:37,2026-10-06,SELL,💥 Stop Out
4089451148,4499177523,1791254977,1791254977895,0,1,0,4499017118,6,0.03,4127.289,0.0,0.0,-49.9,0.0,XAUUSDc,[so 0.00%/-1.60/0.00],,159109003,-49.9,2026-10-06 02:49:37,2026-10-06,SELL,💥 Stop Out
4089451149,4499177524,1791254977,1791254977896,0,1,0,4499018952,6,0.03,4127.289,0.0,0.0,-48.8,0.0,XAUUSDc,[so 0.00%/-1.60/0.00],,159109003,-48.8,2026-10-06 02:49:37,2026-10-06,SELL,💥 Stop Out
4089451150,4499177525,1791254977,1791254977897,0,1,0,4499038157,6,0.03,4127.289,0.0,0.0,-39.2,0.0,XAUUSDc,[so 0.00%/-1.60/0.00],,159109003,-39.2,2026-10-06 02:49:37,2026-10-06,SELL,💥 Stop Out
4089451151,4499177526,1791254977,1791254977898,0,1,0,4499038363,6,0.03,4127.289,0.0,0.0,-39.2,0.0,XAUUSDc,[so 0.00%/-1.60/0.00],,159109003,-39.2,2026-10-06 02:49:37,2026-10-06,SELL,💥 Stop Out
4089451152,4499177527,1791254977,1791254977899,0,1,0,4499038821,6,0.03,4127.289,0.0,0.0,-38.9,0.0,XAUUSDc,[so 0.00%/-1.60/0.00],,159109003,-38.9,2026-10-06 02:49:37,2026-10-06,SELL,💥 Stop Out
4089451153,4499177528,1791254977,1791254977900,0,1,0,4499041279,6,0.03,4127.289,0.0,0.0,-37.0,0.0,XAUUSDc,[so 0.00%/-1.60/0.00],,159109003,-37.0,2026-10-06 02:49:37,2026-10-06,SELL,💥 Stop Out
4089451155,4499177529,1791254977,1791254977901,0,1,0,4499045615,6,0.03,4127.289,0.0,0.0,-34.7,0.0,XAUUSDc,[so 0.00%/-1.60/0.00],,159109003,-34.7,2026-10-06 02:49:37,2026-10-06,SELL,💥 Stop Out
4089451156,4499177531,1791254977,1791254977902,0,1,0,4499115862,6,0.03,4127.289,0.0,0.0,-22.6,0.0,XAUUSDc,[so 0.00%/-1.60/0.00],,159109003,-22.6,2026-10-06 02:49:37,2026-10-06,SELL,💥 Stop Out
4089451158,4499177533,1791254977,1791254977903,0,1,0,4499104329,6,0.03,4127.289,0.0,0.0,-18.9,0.0,XAUUSDc,[so 0.00%/-1.60/0.00],,159109003,-18.9,2026-10-06 02:49:37,2026-10-06,SELL,💥 Stop Out
4089451159,4499177534,1791254977,1791254977904,0,1,0,4499105314,6,0.03,4127.289,0.0,0.0,-18.3,0.0,XAUUSDc,[so 0.00%/-1.60/0.00],,159109003,-18.3,2026-10-06 02:49:37,2026-10-06,SELL,💥 Stop Out
4089451160,4499177535,1791254977,1791254977905,0,1,0,4499103093,6,0.03,4127.289,0.0,0.0,-15.9,0.0,XAUUSDc,[so 0.00%/-1.60/0.00],,159109003,-15.9,2026-10-06 02:49:37,2026-10-06,SELL,💥 Stop Out
4089451161,4499177537,1791254977,1791254977906,0,1,0,4499079628,6,0.03,4127.289,0.0,0.0,-15.2,0.0,XAUUSDc,[so 0.00%/-1.60/0.00],,159109003,-15.2,2026-10-06 02:49:37,2026-10-06,SELL,💥 Stop Out
4089451162,4499177538,1791254977,1791254977907,0,1,0,4499082899,6,0.03,4127.289,0.0,0.0,-11.2,0.0,XAUUSDc,[so 0.00%/-1.60/0.00],,159109003,-11.2,2026-10-06 02:49:37,2026-10-06,SELL,💥 Stop Out
